text,likes,views
–í–∞—à –∞–¥–º–∏–Ω –∂–∏–≤–µ—Ç –≤ –¢–æ—Ä–æ–Ω—Ç–æ. –ü–∏—à–∏ —Å –∫–∞–∫–æ–≥–æ –≥–æ—Ä–æ–¥–∞ —Ç—ã?,46,2173
"–õ—é–¥–∏ –¥–æ–±—Ä—ã–µ, –ø–æ–º–æ–≥–∏—Ç–µ! –ú–æ—è –∂–∏–∑–Ω—å —Å–µ–π—á–∞—Å –∑–∞–≤–∏—Å–∏—Ç –æ—Ç –∫–∏—Å–ª–æ—Ä–æ–¥–Ω–æ–≥–æ –∞–ø–ø–∞—Ä–∞—Ç–∞.

–ú–µ–Ω—è –∑–æ–≤—É—Ç –®–∞—Ä–∫–æ–≤ –ü–∞–≤–µ–ª –ù–∏–∫–æ–ª–∞–µ–≤–∏—á, –∏ —è –≤—Å–µ–≥–¥–∞ —Å—Ç—Ä–µ–º–∏–ª—Å—è –±—ã—Ç—å —Å–∏–ª—å–Ω—ã–º –∏ –Ω–µ–∑–∞–≤–∏—Å–∏–º—ã–º —á–µ–ª–æ–≤–µ–∫–æ–º, –≥–æ—Ç–æ–≤—ã–º –ø–æ–º–æ–≥–∞—Ç—å –¥—Ä—É–≥–∏–º. –ù–æ —Ç–µ–ø–µ—Ä—å —è —Å–∞–º –≤—ã–Ω—É–∂–¥–µ–Ω –ø—Ä–æ—Å–∏—Ç—å –ø–æ–º–æ—â–∏, –≤–µ–¥—å –¥—Ä—É–≥–æ–≥–æ –≤—ã—Ö–æ–¥–∞ —É –º–µ–Ω—è –Ω–µ—Ç.

–Ø —Å—Ç–æ–ª–∫–Ω—É–ª—Å—è —Å —Ç—è–∂–µ–ª–æ–π –±–æ–ª–µ–∑–Ω—å—é ‚Äì –•–û–ë–õ (—Ö—Ä–æ–Ω–∏—á–µ—Å–∫–∞—è –æ–±—Å—Ç—Ä—É–∫—Ç–∏–≤–Ω–∞—è –±–æ–ª–µ–∑–Ω—å –ª–µ–≥–∫–∏—Ö). –ö–∞–∂–¥—ã–π –¥–µ–Ω—å –¥–ª—è –º–µ–Ω—è —Å—Ç–∞–ª –±–æ—Ä—å–±–æ–π –∑–∞ –∫–∞–∂–¥—ã–π –≤–¥–æ—Ö, –∑–∞ –∫–∞–∂–¥—ã–π —à–∞–≥. –Ø –Ω—É–∂–¥–∞—é—Å—å –≤ –≤–∞—à–µ–π –ø–æ–¥–¥–µ—Ä–∂–∫–µ, —á—Ç–æ–±—ã –æ—Å—Ç–∞–≤–∞—Ç—å—Å—è –≤ –∂–∏–≤—ã—Ö

–ú–æ–∏ –ª–µ–≥–∫–∏–µ —É–∂–µ –Ω–µ —Å–ø–æ—Å–æ–±–Ω—ã –æ–±–µ—Å–ø–µ—á–∏—Ç—å –æ—Ä–≥–∞–Ω–∏–∑–º –∫–∏—Å–ª–æ—Ä–æ–¥–æ–º, –∏ —è –≤—ã–Ω—É–∂–¥–µ–Ω –∏—Å–ø–æ–ª—å–∑–æ–≤–∞—Ç—å –∫–∏—Å–ª–æ—Ä–æ–¥–Ω—É—é —Ç–µ—Ä–∞–ø–∏—é. –ö–∞–∂–¥—ã–π –¥–µ–Ω—å –¥–ª—è –º–µ–Ω—è —Å—Ç–∞–Ω–æ–≤–∏—Ç—Å—è –≤—Å–µ —Ç—Ä—É–¥–Ω–µ–µ –∏ —Ç—Ä—É–¥–Ω–µ–µ, –∏ —Å–µ–π—á–∞—Å –º–æ—è –∂–∏–∑–Ω—å –Ω–∞—Ö–æ–¥–∏—Ç—Å—è –ø–æ–¥ —É–≥—Ä–æ–∑–æ–π.

–ú–æ–π –ø–æ—Ä—Ç–∞—Ç–∏–≤–Ω—ã–π –∫–∏—Å–ª–æ—Ä–æ–¥–Ω—ã–π –∫–æ–Ω—Ü–µ–Ω—Ç—Ä–∞—Ç–æ—Ä —Å–ª–æ–º–∞–ª—Å—è, –∏ —è –Ω–µ –º–æ–≥—É —Å–µ–±–µ –ø–æ–∑–≤–æ–ª–∏—Ç—å –µ–≥–æ –ø–æ—á–∏–Ω–∏—Ç—å –∏–ª–∏ –∫—É–ø–∏—Ç—å –Ω–æ–≤—ã–π. –ë–µ–∑ —ç—Ç–æ–≥–æ —É—Å—Ç—Ä–æ–π—Å—Ç–≤–∞ —è —É–∂–µ –Ω–µ—Å–∫–æ–ª—å–∫–æ –º–µ—Å—è—Ü–µ–≤ –ø—Ä–∏–∫–æ–≤–∞–Ω –∫ –¥–∏–≤–∞–Ω—É.

–ú–æ–∏ —Ä–æ–¥–Ω—ã–µ –ø–æ–∫–∏–Ω—É–ª–∏ –º–µ–Ω—è, —è –æ—Å—Ç–∞–ª—Å—è –Ω–∞ –ø—Ä–æ–∏–∑–≤–æ–ª —Å—É–¥—å–±—ã. –ü–µ–Ω—Å–∏—è –ø–æ –∏–Ω–≤–∞–ª–∏–¥–Ω–æ—Å—Ç–∏ –≤—Å–µ–≥–æ 7300–†, –Ω–æ –µ–µ –Ω–µ —Ö–≤–∞—Ç–∞–µ—Ç –ø—Ä–∞–∫—Ç–∏—á–µ—Å–∫–∏ –Ω–∏ –Ω–∞ —á—Ç–æ‚Ä¶ –õ–µ–∫–∞—Ä—Å—Ç–≤–∞ –±–µ—Å–ø–ª–∞—Ç–Ω—ã–µ –≤—ã–ø–∏—Å—ã–≤–∞—é—Ç, –Ω–æ —á–∞—Å—Ç–æ –∏—Ö –Ω–µ –±—ã–≤–∞–µ—Ç –≤ –∞–ø—Ç–µ–∫–µ, –ø–æ—ç—Ç–æ–º—É —á–∞—â–µ —è –ø–æ–∫—É–ø–∞—é –ø—Ä–µ–ø–∞—Ä–∞—Ç—ã –∑–∞ —Å–≤–æ–∏ –¥–µ–Ω—å–≥–∏.

–ú–Ω–µ –æ—Å—Ç—Ä–æ –Ω–µ–æ–±—Ö–æ–¥–∏–º–∞ —Ñ–∏–Ω–∞–Ω—Å–æ–≤–∞—è –ø–æ–º–æ—â—å –∫–∞–∂–¥—ã–π –º–µ—Å—è—Ü, —á—Ç–æ–±—ã –æ–ø–ª–∞—á–∏–≤–∞—Ç—å –∫–æ–º–º—É–Ω–∞–ª—å–Ω—ã–µ –ø–ª–∞—Ç–µ–∂–∏. –ö —Å–æ–∂–∞–ª–µ–Ω–∏—é, —Å—É–º–º–∞ –¥–æ–ª–≥–∞ —Å–µ–π—á–∞—Å –ø—Ä–µ–≤—ã—à–∞–µ—Ç 170 000 —Ä. –ú–æ—è –∂–∏–∑–Ω—å –∑–∞–≤–∏—Å–∏—Ç –Ω–∞–ø—Ä—è–º—É—é –æ—Ç —ç–ª–µ–∫—Ç—Ä–∏—á–µ—Å—Ç–≤–∞, –≤–µ–¥—å –∞–ø–ø–∞—Ä–∞—Ç—ã –¥–ª—è –¥—ã—Ö–∞–Ω–∏—è —Ä–∞–±–æ—Ç–∞—é—Ç –æ—Ç —Ä–æ–∑–µ—Ç–∫–∏. –ï—Å–ª–∏ –º–Ω–µ –æ—Ç–∫–ª—é—á–∞—Ç —Å–≤–µ—Ç, —è –º–æ–≥—É –ø—Ä–æ—Å—Ç–æ –∑–∞–¥–æ—Ö–Ω—É—Ç—å—Å—è...

–ú–Ω–µ —Å—Ç—ã–¥–Ω–æ –ø—Ä–æ—Å–∏—Ç—å, —Å—Ç—ã–¥–Ω–æ, —á—Ç–æ –æ–∫–∞–∑–∞–ª—Å—è —Å–æ–≤–µ—Ä—à–µ–Ω–Ω–æ –±–µ—Å–ø–æ–º–æ—â–Ω—ã–º... –ù–æ –±–µ–∑ –≤–∞—à–µ–π –ø–æ–º–æ—â–∏ –º–Ω–µ –ø—Ä–æ—Å—Ç–æ –Ω–µ –≤—ã–∂–∏—Ç—å.

–Ø –±—É–¥—É –∏—Å–∫—Ä–µ–Ω–Ω–µ –±–ª–∞–≥–æ–¥–∞—Ä–µ–Ω –∑–∞ –ª—é–±—É—é –ø–æ–¥–¥–µ—Ä–∂–∫—É... –°–ø–∞—Å–∏–±–æ –í–∞–º!

–°–ø–∞—Å—Ç–∏ –ü–∞–≤–ª—É –∂–∏–∑–Ω—å ‚Äî https://pomogi-cheloveku.ru/f2.html?utm_source=vk&utm_medium=posev&utm_campaign=test_creo&utm_content=green&utm_term=t7_c10",17,4779
"–°–º–æ—Ç—Ä–∏—Ç–µ, –∫–∞–∫ –ø—Ä–µ–æ–±—Ä–∞–∑–∏–ª—Å—è –∏–Ω—Ç–µ—Ä—å–µ—Ä –∫–≤–∞—Ä—Ç–∏—Ä—ã

¬´–û–Ω–∞ —Ñ–∞–Ω—Ç–∞—Å—Ç–∏—á–µ—Å–∫–∞—è, —Ö–æ—á–µ—Ç—Å—è —Ä–∞–∑–≥–ª—è–¥—ã–≤–∞—Ç—å –∫–∞–∂–¥—É—é –¥–µ—Ç–∞–ª—å¬ª
–ò–º–µ–Ω–Ω–æ —Ç–∞–∫ –æ–ø–∏—Å–∞–ª–∞ —Å–≤–æ–∏ —ç–º–æ—Ü–∏–∏ –æ—Ç –∫–∞—Ä—Ç—ã –Ω–∞—à–∞ –ø–æ–∫—É–ø–∞—Ç–µ–ª—å–Ω–∏—Ü–∞ –∏ –ø—Ä–∏—Å–ª–∞–ª–∞ –≤–∏–¥–µ–æ. 

–ò–Ω—Ç–µ—Ä—å–µ—Ä–Ω–∞—è –∫–∞—Ä—Ç–∞ –º–∏—Ä–∞ –∏–∑ –¥–µ—Ä–µ–≤–∞ ‚Äî –∏–¥–µ–∞–ª—å–Ω–æ–µ —Ä–µ—à–µ–Ω–∏–µ –¥–ª—è –ø—É—Å—Ç—É—é—â–µ–π —Å—Ç–µ–Ω—ã. 

–£–∑–Ω–∞—Ç—å —Ü–µ–Ω—É: vk.me/ga_den_ru?ref=mp_12&ref_source=mp",14,5345
"–ö–∞–∫ –ø–æ–¥–æ–±—Ä–∞—Ç—å —Å–µ–±–µ –ø–æ–¥—Ö–æ–¥—è—â—É—é –ø—Ä–æ—Ñ–µ—Å—Å–∏—é? –û—Ç–≤–µ—Ç –≤ —Ç–µ—Å—Ç–µ!

–û—Ç–≤–µ—Ç—å –Ω–∞ 30 –≤–æ–ø—Ä–æ—Å–æ–≤ –∏ —É–∑–Ω–∞–π, –∫ —á–µ–º—É —É —Ç–µ–±—è —Ç–∞–ª–∞–Ω—Ç. –ù–∞–±–æ—Ä –∫—É—Ä—Å–æ–≤ –¥–ª—è –±—ã—Å—Ç—Ä–æ–≥–æ —Å—Ç–∞—Ä—Ç–∞ ‚Äî –≤ –ø–æ–¥–∞—Ä–æ–∫:

https://vk.cc/ctQ4iC

–í Skypro —Ä–∞–∑—Ä–∞–±–æ—Ç–∞–ª–∏ –∞–ª–≥–æ—Ä–∏—Ç–º –ø–æ–∏—Å–∫–∞ –Ω–æ–≤–æ–π —Ä–∞–±–æ—Ç—ã. –¢—Ä–∏ —à–∞–≥–∞ ‚Äî –∏ —Ç—ã —á–µ—Ç–∫–æ –ø–æ–Ω–∏–º–∞–µ—à—å, –∫–∞–∫ —Å –≤—ã–≥–æ–¥–æ–π —Å–º–µ–Ω–∏—Ç—å –ø—Ä–æ—Ñ–µ—Å—Å–∏—é.

–®–∞–≥ 1. –ü—Ä–æ—Ö–æ–¥–∏—à—å —Ç–µ—Å—Ç –∏ —É–∑–Ω–∞–µ—à—å, –∫ —á–µ–º—É —É —Ç–µ–±—è —Å–∫–ª–æ–Ω–Ω–æ—Å—Ç–∏.

–®–∞–≥ 2. –ë–µ—Å–ø–ª–∞—Ç–Ω–æ –ø–æ–ª—É—á–∞–µ—à—å –¥–≤–∞ –∫—É—Ä—Å–∞ –Ω–∞ –≤—ã–±–æ—Ä, —á—Ç–æ–±—ã –ø—Ä–æ–∫–∞—á–∞—Ç—å—Å—è –≤ –Ω—É–∂–Ω–æ–π –ø—Ä–æ—Ñ–µ—Å—Å–∏–∏.

–®–∞–≥ 3. –ü—Ä–æ—Ö–æ–¥–∏—à—å –∫–æ–Ω—Å—É–ª—å—Ç–∞—Ü–∏—é –æ—Ç –∫–∞—Ä—å–µ—Ä–Ω–æ–≥–æ —ç–∫—Å–ø–µ—Ä—Ç–∞ Skypro. –¢–æ–∂–µ –±–µ—Å–ø–ª–∞—Ç–Ω–æ!

–í—Å–µ –ø–æ-—á–µ—Å—Ç–Ω–æ–º—É.

–í —Ä–µ–∑—É–ª—å—Ç–∞—Ç–µ —É —Ç–µ–±—è —Å–ª–æ–∂–∏—Ç—Å—è —á–µ—Ç–∫–æ–µ –ø–æ–Ω–∏–º–∞–Ω–∏–µ, –∫–∞–∫ –æ—Å–≤–æ–∏—Ç—å —Å–æ–≤—Ä–µ–º–µ–Ω–Ω—É—é –ø—Ä–æ—Ñ–µ—Å—Å–∏—é –∏ —Å—Ç–∞—Ç—å —Å–ø–µ—Ü–æ–º, –∑–∞ –∫–æ—Ç–æ—Ä—ã–º –æ—Ö–æ—Ç—è—Ç—Å—è –∫–∞–¥—Ä–æ–≤–∏–∫–∏ –±–æ–≥–∞—Ç–µ–π—à–∏—Ö –∫–æ–º–ø–∞–Ω–∏–π.

–ù–∞—á–∞—Ç—å —Ç–µ—Å—Ç –ø–æ —Å—Å—ã–ª–∫–µ:

https://vk.cc/ctQ4iC",3,3829
Northern lights - –∑–Ω–∞–µ—Ç–µ –∫–∞–∫ –ø–µ—Ä–µ–≤–æ–¥–∏—Ç—å—Å—è? –ü–∏—à–∏ –≤ –∫–æ–º–º—ãüëá,29,2605
"–ú–∏—Ä–æ–≤–∞—è —Å—Ç–æ–ª–∏—Ü–∞ –±–µ–ª–æ–≥–æ –º–µ–¥–≤–µ–¥—è

–ß–µ—Ä—á–∏–ª–ª—è, –ú–∞–Ω–∏—Ç–æ–±–∞ –æ—á–µ–Ω—å –ø–æ–ø—É–ª—è—Ä–Ω—ã–π –≥–æ—Ä–æ–¥ –≤ –ö–∞–Ω–∞–¥–µ, –ø–æ—Å–∫–æ–ª—å–∫—É —ç—Ç–æ —Å–∞–º—ã–π –≥—É—Å—Ç–æ–Ω–∞—Å–µ–ª–µ–Ω–Ω—ã–π —Ä–µ–≥–∏–æ–Ω –±–µ–ª—ã—Ö –º–µ–¥–≤–µ–¥–µ–π –≤ –º–∏—Ä–µ. –ê –≤—ã –≤–∏–¥–µ–ª–∏ —Ö–æ—Ç—å —Ä–∞–∑ –±–µ–ª–æ–≥–æ –º–µ–¥–≤–µ–¥—è –≤–∂–∏–≤—É—é?",58,3322
"–ú–Ω–æ–≥–∏–µ –ö–∞–Ω–∞–¥—Ü—ã –ø—ã—Ç–∞—é—Ç—Å—è —É–º–µ–Ω—å—à–∏—Ç—å —Å–≤–æ—é –∑–∞–≤–∏—Å–∏–º–æ—Å—Ç—å –æ—Ç –∞–≤—Ç–æ–º–æ–±–∏–ª–µ–π –∏ —É–º–µ–Ω—å—à–∏—Ç—å –≤—ã–±—Ä–æ—Å—ã —É–≥–ª–µ–∫–∏—Å–ª–æ–≥–æ –≥–∞–∑–∞, –∫–æ—Ç–æ—Ä—ã–µ –æ–Ω–∏ —Å–æ–∑–¥–∞—é—Ç, –Ω–æ —ç—Ç–æ –¥–æ–≤–æ–ª—å–Ω–æ —Å–ª–æ–∂–Ω–æ, –∫–æ–≥–¥–∞ –æ—á–µ–Ω—å —Ö–æ–ª–æ–¥–Ω–æ. –í—ã –Ω–∞–≤–µ—Ä–Ω–æ –¥—É–º–∞–µ—Ç–µ —á—Ç–æ –≤–æ –≤—Ä–µ–º—è –∫–∞–Ω–∞–¥—Å–∫–æ–π –∑–∏–º—ã —Å–ª–∏—à–∫–æ–º —Ö–æ–ª–æ–¥–Ω–æ –¥–ª—è –µ–∑–¥—ã –Ω–∞ –≤–µ–ª–æ—Å–∏–ø–µ–¥–µ? –ù–æ –Ω–µ —Ç—É—Ç —Ç–æ –±—ã–ª–æ....
–í—Å–µ –±–æ–ª—å—à–µ –∫–∞–Ω–∞–¥—Ü–µ–≤ –ø–µ—Ä–µ—Ö–æ–¥—è—Ç –Ω–∞ –∑–∏–º–Ω—é—é –µ–∑–¥—É –Ω–∞ –≤–µ–ª–æ—Å–∏–ø–µ–¥–µ, –∞ —Ö–æ–ª–æ–¥ –∏—Ö –∞–±—Å–æ–ª—é—Ç–Ω–æ –Ω–µ –ø—É–≥–∞–µ—Ç!",44,3541
"–ü–µ—Ä–µ–∂–∏–≤ –∫–æ–º—É –∏ 6 –æ–ø–µ—Ä–∞—Ü–∏–π, –¢—ë–º–æ—á–∫–∞ –ø—Ä–æ–¥–æ–ª–∂–∞–µ—Ç –±–æ—Ä–æ—Ç—å—Å—è. –û—Å—Ç–∞–ª–æ—Å—å —Å–æ–±—Ä–∞—Ç—å 136 —Ç—ã—Å—è—á –Ω–∞ –ª–µ—á–µ–Ω–∏–µ —Ä–µ–±—ë–Ω–∫–∞. –ü–æ–∂–µ—Ä—Ç–≤—É–π—Ç–µ —Ö–æ—Ç—å –Ω–µ–º–Ω–æ–≥–æ. –° –º–∏—Ä—É –ø–æ –Ω–∏—Ç–∫–µ –∏ –º—ã –ø–æ–º–æ–∂–µ–º –º–∞–ª—å—á–∏–∫—É.

–ú–∞–ª–µ–Ω—å–∫–∏–π –ê—Ä—Ç–µ–º–∏–π - –Ω–∞—Å—Ç–æ—è—â–∏–π –≥–µ—Ä–æ–π.  –í –≥–æ–¥ –º–∞–ª—ã—à –ø–µ—Ä–µ–Ω—ë—Å –æ—Å—Ç–∞–Ω–æ–≤–∫—É —Å–µ—Ä–¥—Ü–∞, –≥–∏–ø–æ–∫—Å–∏—é –∏ 15-–¥–Ω–µ–≤–Ω—É—é –∫–æ–º—É...  ¬´–¢—ë–º–æ—á–∫–∞ –≤—ã–∫–∞—Ä–∞–±–∫–∞–ª—Å—è, –Ω–æ –ø–µ—Ä–µ–Ω–µ—Å –∑–∞ —Å–ª–µ–¥—É—é—â–∏–µ 2 –≥–æ–¥–∞ 6 –æ–ø–µ—Ä–∞—Ü–∏–π... –ò –ø–æ—Å–ª–µ–¥—Å—Ç–≤–∏—è...   –ì–∏–ø–æ–∫—Å–∏—á–µ—Å–∫–æ–µ –∏—à–µ–º–∏—á–µ—Å–∫–æ–µ –ø–æ—Ä–∞–∂–µ–Ω–∏–µ –¶–ù–°, –î–¶–ü, —Å–ø–∞—Å—Ç–∏—á–µ—Å–∫–∏–π —Ç–µ—Ç—Ä–∞–ø–∞—Ä–µ–∑, –∑–∞–¥–µ—Ä–∂–∫–∞ —Ä–∞–∑–≤–∏—Ç–∏—è, —ç–ø–∏–ª–µ–ø—Å–∏—è¬ª, ‚Äî –ì–∞–ª–∏–Ω–∞, –º–∞–º–∞ –ê—Ä—Ç–µ–º–∏—è, —Ç–∏—Ö–æ –≥–æ–≤–æ—Ä–∏—Ç –∑–∞—É—á–µ–Ω–Ω—ã–µ —Å–ª–æ–≤–∞, –≥–ª–∞–¥—è —Å—ã–Ω–∞ –ø–æ –≥–æ–ª–æ–≤–µ.  –û–Ω–∞ –≤–µ—Ä–∏—Ç, —á—Ç–æ –µ—ë –º–∞–ª—ã—à –≤—Å—ë –ø—Ä–µ–æ–¥–æ–ª–µ–µ—Ç. –•–æ—Ç—è —Ç–µ–ø–µ—Ä—å —Å–µ–º—å–µ –ø—Ä–∏—Ö–æ–¥–∏—Ç—Å—è –æ—á–µ–Ω—å –Ω–µ–ª–µ–≥–∫–æ: –≤—Å–∫–æ—Ä–µ –ø–æ—Å–ª–µ —Å–ª—É—á–∏–≤—à–µ–≥–æ—Å—è, –æ—Ç–µ—Ü –º–∞–ª—å—á–∏–∫–∞ –æ—Ç —Å—Ç—Ä–µ—Å—Å–∞ –∑–∞–±–æ–ª–µ–ª —Ç–∞–∫ —Å–∏–ª—å–Ω–æ, —á—Ç–æ –Ω–∞—á–∞–ª —Ç–µ—Ä—è—Ç—å –ø–∞–º—è—Ç—å –∏ —Å–æ–∑–Ω–∞–Ω–∏–µ. –ù–æ —É —Ä–µ–±—ë–Ω–∫–∞ –æ—Å—Ç–∞–ª–∞—Å—å –Ω–µ–ø–æ–∫–æ–ª–µ–±–∏–º–∞—è –≤–µ—Ä–∞, —á—Ç–æ –æ–Ω, —Å—Ç–æ—è –Ω–∞ —Å–≤–æ–∏—Ö –Ω–æ–∂–∫–∞—Ö, —Å–º–æ–∂–µ—Ç –Ω–∞–∫–æ–Ω–µ—Ü —Å–∫–∞–∑–∞—Ç—å: ‚Äú–Ø –ª—é–±–ª—é –≤–∞—Å, –º–∞–º–∞ –∏ –ø–∞–ø–∞!‚Äù –¢–æ–ª—å–∫–æ –Ω—É–∂–Ω–æ –Ω–µ–º–Ω–æ–∂–∫–æ –ø–æ–º–æ—á—å...

–°–µ–π—á–∞—Å –¢–µ–º–æ—á–∫–µ –Ω–µ–æ–±—Ö–æ–¥–∏–º–∞ –¥–æ—Ä–æ–≥–æ—Å—Ç–æ—è—â–∞—è —Ä–µ–∞–±–∏–ª–∏—Ç–∞—Ü–∏—è, –Ω–∞ –∫–æ—Ç–æ—Ä—É—é —Ä–æ–¥–∏—Ç–µ–ª–∏, –∫ —Å–æ–∂–∞–ª–µ–Ω–∏—é, —É–∂–µ –Ω–µ –º–æ–≥—É—Ç –Ω–∞–∫–æ–ø–∏—Ç—å. –ü–æ—ç—Ç–æ–º—É –æ–Ω–∏ –æ–±—Ä–∞—Ç–∏–ª–∏—Å—å –∑–∞ –ø–æ–º–æ—â—å—é –≤ –±–ª–∞–≥–æ—Ç–≤–æ—Ä–∏—Ç–µ–ª—å–Ω—ã–π —Ñ–æ–Ω–¥ –†–µ—Å—É—Ä—Å.

–ë–ª–∞–≥–æ–¥–∞—Ä—è –≤–∞–º –ê—Ä—Ç–µ–º–∏–π –∏ –µ–≥–æ –±–ª–∏–∑–∫–∏–µ –Ω–µ —Å–¥–∞–¥—É—Ç—Å—è! –í–∞—à–∞ –ø–æ–º–æ—â—å –¥–ª—è –Ω–∏—Ö, –∫–∞–∫ –≥–ª–æ—Ç–æ–∫ —Å–≤–µ–∂–µ–≥–æ –≤–æ–∑–¥—É—Ö–∞! –ü–æ–º–æ–≥–∏—Ç–µ –∑–∞–∫—Ä—ã—Ç—å —Å–±–æ—Ä –Ω–∞ –ª–µ—á–µ–Ω–∏–µ –º–∞–ª—å—á–∏–∫–∞, –æ—Å—Ç–∞–ª–æ—Å—å —Å–æ–±—Ä–∞—Ç—å 136000 —Ä—É–±–ª–µ–π.

–ú–æ–∂–Ω–æ –ø–æ–º–æ—á—å –∞–¥—Ä–µ—Å–Ω–æ, –æ—Ç–ø—Ä–∞–≤–∏–≤ –ª—é–±—É—é —Å—É–º–º—É –Ω–∞ —Å–∞–π—Ç–µ —Ñ–æ–Ω–¥–∞. –í—Å–µ —Å–æ–±—Ä–∞–Ω–Ω—ã–µ —Å—Ä–µ–¥—Å—Ç–≤–∞ –ø–æ–π–¥—É—Ç –Ω–∞ –æ–ø–ª–∞—Ç—É —Ä–µ–∞–±–∏–ª–∏—Ç–∞—Ü–∏–∏ –¢—ë–º–æ—á–∫–∏.

–ë–ª–∞–≥–æ–¥–∞—Ä–∏–º –≤–∞—Å –∑–∞ –ø–æ–º–æ—â—å, –Ω–∞—à–∏ –º–∏–ª–æ—Å–µ—Ä–¥–Ω—ã–µ —Å–µ—Ä–¥—Ü–∞!

–ü–æ–∂–µ—Ä—Ç–≤–æ–≤–∞—Ç—å –ê—Ä—Ç–µ–º–∏—é: https://resource-bf.ru/artemij-cygulskij.html?utm_source=vk&utm_medium=posev&utm_campaign=test_creo&utm_content=green&utm_term=t3_c2",6,5932
"–ú–Ω–µ –Ω—É–∂–Ω–æ 40 –¥–æ–±—Ä–æ–≤–æ–ª—å—Ü–µ–≤ –Ω–∞ —ç–∫—Å–ø–µ—Ä–∏–º–µ–Ω—Ç–∞–ª—å–Ω–æ–µ –æ–±—É—á–µ–Ω–∏–µ!

–•–æ—á—É –¥–æ–∫–∞–∑–∞—Ç—å, —á—Ç–æ –æ—Å–≤–æ–∏—Ç—å –∞–Ω–≥–ª–∏–π—Å–∫–∏–π —è–∑—ã–∫ —Å–º–æ–∂–µ—Ç –∫–∞–∂–¥—ã–π.
–ù–µ –≤–∞–∂–Ω–æ –∫–∞–∫–æ–π —É –≤–∞—Å —É—Ä–æ–≤–µ–Ω—å, —Å–∫–æ–ª—å–∫–æ –ª–µ—Ç, –∫–∞–∫–∞—è —É –≤–∞—Å –ø–∞–º—è—Ç—å!

–Ø –ø—Ä–æ—Ç–∏–≤ –≥–ª—É–ø—ã—Ö –∑—É–±—Ä–µ–∂–µ–∫, –Ω–µ–Ω—É–∂–Ω–æ–π –∏–Ω—Ñ–æ—Ä–º–∞—Ü–∏–∏, –∏–∑-–∑–∞ –∫–æ—Ç–æ—Ä—ã—Ö –Ω–µ—Ç –∂–µ–ª–∞–Ω–∏—è —É—á–∏—Ç—å—Å—è.
–Ø –ø—Ä–æ—Ç–∏–≤ —Ä–µ–ø–µ—Ç–∏—Ç–æ—Ä–æ–≤, –∫–æ—Ç–æ—Ä—ã–µ –≤ —Ç–µ—á–µ–Ω–∏–µ –Ω–µ—Å–∫–æ–ª—å–∫–∏—Ö –ª–µ—Ç –ø—Ä–æ—Å—è—Ç –±–æ–ª—å—à–∏–µ –¥–µ–Ω—å–≥–∏, –∞ —Ä–µ–∑—É–ª—å—Ç–∞—Ç–∞ –Ω–µ—Ç.

–Ø —Ö–æ—á—É —á—Ç–æ–±—ã –ª—é–¥–∏ –±—ã–ª–∏ –æ–±—Ä–∞–∑–æ–≤–∞–Ω–Ω—ã–º–∏, —Ä–∞–∑–≤–∏–≤–∞–ª–∏—Å—å –∏ —Å–º–æ–≥–ª–∏ —Å–≤–æ–±–æ–¥–Ω–æ —Ä–∞–∑–≥–æ–≤–∞—Ä–∏–≤–∞—Ç—å –Ω–∞ –∞–Ω–≥–ª–∏–π—Å–∫–æ–º!

–ü–æ—ç—Ç–æ–º—É —è –±–µ—Å–ø–ª–∞—Ç–Ω–æ —Ä–∞—Å—Å–∫–∞–∂—É –ø—Ä–æ –º–µ—Ç–æ–¥ ""–û—Å—Ç—Ä–æ–≤"", –∫–æ—Ç–æ—Ä—ã–π –ø–æ–∑–≤–æ–ª–∏—Ç –≤—ã—É—á–∏—Ç—å –∞–Ω–≥–ª–∏–π—Å–∫–∏–π, —É–¥–µ–ª—è—è –≤—Å–µ–≥–æ 20-30 –º–∏–Ω—É—Ç –≤ –¥–µ–Ω—å.

–ï—Å–ª–∏ –≤—ã –±—É–¥–µ—Ç–µ —Å–ª–µ–¥–æ–≤–∞—Ç—å —ç—Ç–æ–π –º–µ—Ç–æ–¥–∏–∫–µ, —Ç–æ —É–∂–µ —á–µ—Ä–µ–∑ 4-5 –º–µ—Å—è—Ü–µ–≤:

- –°–º–æ–∂–µ—Ç–µ –≥–æ–≤–æ—Ä–∏—Ç—å –±–µ–∑ –ø–∞—É–∑ –∏ —Å–ª–æ–≤-–ø–∞—Ä–∞–∑–∏—Ç–æ–≤
- –ù–∞—É—á–∏—Ç–µ—Å—å –ø–æ–Ω–∏–º–∞—Ç—å 70% —Ä–µ—á–∏ –Ω–∞ —Å–ª—É—Ö
- –†–∞–∑–±–µ—Ä–µ—Ç–µ—Å—å –≤–æ –≤—Å–µ–π –≥—Ä–∞–º–º–∞—Ç–∏–∫–µ —Ä–∞–∑ –∏ –Ω–∞–≤—Å–µ–≥–¥–∞

–ï—Å–ª–∏ –≥–æ—Ç–æ–≤—ã –±—Ä–æ—Å–∏—Ç—å —Å–µ–±–µ –≤—ã–∑–æ–≤, —Ä–µ–≥–∏—Å—Ç—Ä–∏—Ä—É–π—Ç–µ—Å—å, —ç—Ç–æ –±–µ—Å–ø–ª–∞—Ç–Ω–æ >

https://eng.int-traf.ru/?utm_campaign=40_gif3_putish&utm_source=Instaii_vk",18,7054
"–ö–æ—Ä–æ–ª–µ–≤—Å–∫–∏–π –º—É–∑–µ–π –û–Ω—Ç–∞—Ä–∏–æ (–∞–Ω–≥–ª. Royal Ontario Museum, ROM) ‚Äî –∫–∞–Ω–∞–¥—Å–∫–∏–π –º—É–∑–µ–π, —Ä–∞—Å–ø–æ–ª–æ–∂–µ–Ω–Ω—ã–π –≤ –≥–æ—Ä–æ–¥–µ –¢–æ—Ä–æ–Ω—Ç–æ –ø—Ä–æ–≤–∏–Ω—Ü–∏–∏ –û–Ω—Ç–∞—Ä–∏–æ. –ú—É–∑–µ–π –∏–∑–≤–µ—Å—Ç–µ–Ω —Å–≤–æ–∏–º–∏ –∫–æ–ª–ª–µ–∫—Ü–∏—è–º–∏ –¥–∏–Ω–æ–∑–∞–≤—Ä–æ–≤, –∏—Å–∫—É—Å—Å—Ç–≤–∞ –ë–ª–∏–∂–Ω–µ–≥–æ –í–æ—Å—Ç–æ–∫–∞, –ê—Ñ—Ä–∏–∫–∏ –∏ –í–æ—Å—Ç–æ—á–Ω–æ–π –ê–∑–∏–∏, –µ–≤—Ä–æ–ø–µ–π—Å–∫–æ–π –∏ –∫–∞–Ω–∞–¥—Å–∫–æ–π –∏—Å—Ç–æ—Ä–∏–∏.",46,4927
"–î—Ä—É–∑—å—è, –ø–æ–¥–ø–∏—Å—ã–≤–∞–π—Ç–µ—Å—å –Ω–∞ –Ω–∞—à —Ç–µ–ª–µ–≥—Ä–∞–º–º-–∫–∞–Ω–∞–ª, –≤–µ–¥—å —Å–µ–π—á–∞—Å —Ç–∞–º –ø—Ä–æ—Ö–æ–¥–∏—Ç —Å–µ—Ä–∏—è —Ä–æ–∑—ã–≥—Ä—ã—à–µ–π –∫–∞–Ω–∞–¥—Å–∫–∏—Ö –±—Ä–µ–ª–æ–∫–æ–≤ —Å –±–µ—Å–ø–ª–∞—Ç–Ω–æ–π –æ—Ç–ø—Ä–∞–≤–∫–æ–π –ø–æ –†–æ—Å—Å–∏–∏. –î–ª—è —É—á–∞—Å—Ç–∏—è –≤ —Ä–æ–∑—ã–≥—Ä—ã—à–µ –í–∞–º –¥–æ—Å—Ç–∞—Ç–æ—á–Ω–æ –ø–æ–¥–ø–∏—Å–∞—Ç—å—Å—è –Ω–∞ –Ω–∞—à —Ç–µ–ª–µ–≥—Ä–∞–º–º-–∫–∞–Ω–∞–ª https://t.me/canada_club –∏ –Ω–∞–∂–∞—Ç—å –Ω–∞ ¬´–ü—Ä–∏–Ω—è—Ç—å —É—á–∞—Å—Ç–∏–µ¬ª",13,1525
–î–µ–¥ –ú–æ—Ä–æ–∑ –∏ –≤–Ω—É—á–∫–∞ –°–Ω–µ–≥—É—Ä–æ—á–∫–∞...–í –ö–∞–Ω–∞–¥–µ —Å–æ–≤—Å–µ–º –¥—Ä—É–≥–∞—è –ª–µ–≥–µ–Ω–¥–∞. –ú–∏—Å—Ç–µ—Ä –ö–ª–∞—É—Å –∏ –ú–∏—Å—Å–∏—Å –ö–ª–∞—É—Å (–∂–µ–Ω–∞ –°–∞–Ω—Ç—ã) –æ—á–µ–Ω—å –ø–æ–ø—É–ª—è—Ä–Ω—ã–µ –ø–µ—Ä—Å–æ–Ω–∞–∂–∏ –≤ —Ñ–∏–ª—å–º–∞—Ö –∏ –º—É–ª—å—Ç–∏–∫–∞—Ö.,57,6672
"–ö–∞–∫ –ø–æ–¥–æ–±—Ä–∞—Ç—å —Å–µ–±–µ –ø–æ–¥—Ö–æ–¥—è—â—É—é –ø—Ä–æ—Ñ–µ—Å—Å–∏—é? –û—Ç–≤–µ—Ç –≤ —Ç–µ—Å—Ç–µ

–û—Ç–≤–µ—Ç—å –Ω–∞ 30 –≤–æ–ø—Ä–æ—Å–æ–≤ –∏ —É–∑–Ω–∞–π, –∫ —á–µ–º—É —É —Ç–µ–±—è —Ç–∞–ª–∞–Ω—Ç. –ù–∞–±–æ—Ä –∫—É—Ä—Å–æ–≤ –¥–ª—è –±—ã—Å—Ç—Ä–æ–≥–æ —Å—Ç–∞—Ä—Ç–∞ ‚Äî –≤ –ø–æ–¥–∞—Ä–æ–∫:

https://vk.cc/ctBqHi

–í Skypro —Ä–∞–∑—Ä–∞–±–æ—Ç–∞–ª–∏ –∞–ª–≥–æ—Ä–∏—Ç–º –ø–æ–∏—Å–∫–∞ –Ω–æ–≤–æ–π —Ä–∞–±–æ—Ç—ã. –¢—Ä–∏ —à–∞–≥–∞ ‚Äî –∏ —Ç—ã —á–µ—Ç–∫–æ –ø–æ–Ω–∏–º–∞–µ—à—å, –∫–∞–∫ —Å –≤—ã–≥–æ–¥–æ–π —Å–º–µ–Ω–∏—Ç—å –ø—Ä–æ—Ñ–µ—Å—Å–∏—é.

–®–∞–≥ 1. –ü—Ä–æ—Ö–æ–¥–∏—à—å —Ç–µ—Å—Ç –∏ —É–∑–Ω–∞–µ—à—å, –∫ —á–µ–º—É —É —Ç–µ–±—è —Å–∫–ª–æ–Ω–Ω–æ—Å—Ç–∏.

–®–∞–≥ 2. –ë–µ—Å–ø–ª–∞—Ç–Ω–æ –ø–æ–ª—É—á–∞–µ—à—å –¥–≤–∞ –∫—É—Ä—Å–∞ –Ω–∞ –≤—ã–±–æ—Ä, —á—Ç–æ–±—ã –ø—Ä–æ–∫–∞—á–∞—Ç—å—Å—è –≤ –Ω—É–∂–Ω–æ–π –ø—Ä–æ—Ñ–µ—Å—Å–∏–∏.

–®–∞–≥ 3. –ü—Ä–æ—Ö–æ–¥–∏—à—å –∫–æ–Ω—Å—É–ª—å—Ç–∞—Ü–∏—é –æ—Ç –∫–∞—Ä—å–µ—Ä–Ω–æ–≥–æ —ç–∫—Å–ø–µ—Ä—Ç–∞ Skypro. –¢–æ–∂–µ –±–µ—Å–ø–ª–∞—Ç–Ω–æ!

–í—Å–µ –ø–æ-—á–µ—Å—Ç–Ω–æ–º—É.

–í —Ä–µ–∑—É–ª—å—Ç–∞—Ç–µ —É —Ç–µ–±—è —Å–ª–æ–∂–∏—Ç—Å—è —á–µ—Ç–∫–æ–µ –ø–æ–Ω–∏–º–∞–Ω–∏–µ, –∫–∞–∫ –æ—Å–≤–æ–∏—Ç—å —Å–æ–≤—Ä–µ–º–µ–Ω–Ω—É—é –ø—Ä–æ—Ñ–µ—Å—Å–∏—é –∏ —Å—Ç–∞—Ç—å —Å–ø–µ—Ü–æ–º, –∑–∞ –∫–æ—Ç–æ—Ä—ã–º –æ—Ö–æ—Ç—è—Ç—Å—è –∫–∞–¥—Ä–æ–≤–∏–∫–∏ –±–æ–≥–∞—Ç–µ–π—à–∏—Ö –∫–æ–º–ø–∞–Ω–∏–π.

–ù–∞—á–∞—Ç—å —Ç–µ—Å—Ç –ø–æ —Å—Å—ã–ª–∫–µ:

https://vk.cc/ctBqHi",6,7781
–í –ö–∞–Ω–∞–¥–µ –≤ –ù–æ–≤–æ–≥–æ–¥–Ω–∏–µ –ø—Ä–∞–∑–¥–Ω–∏–∫–∏ –≤—Å–µ–≥–¥–∞ –º–æ–∂–Ω–æ –ø–æ–π—Ç–∏ –≤ –±–∞—Ä-—Ö–æ—Ç–µ–ª–∏ –±—ã –ø–æ–ø—Ä–æ–±–æ–≤–∞—Ç—å –∫–æ–∫—Ç–µ–ª—å—á–∏–∫?,62,5588
"–õ—é–¥–∏ –¥–æ–±—Ä—ã–µ, –ø–æ–º–æ–≥–∏—Ç–µ! –ú–æ—è –∂–∏–∑–Ω—å —Å–µ–π—á–∞—Å –∑–∞–≤–∏—Å–∏—Ç –æ—Ç –∫–∏—Å–ª–æ—Ä–æ–¥–Ω–æ–≥–æ –∞–ø–ø–∞—Ä–∞—Ç–∞.

–ú–µ–Ω—è –∑–æ–≤—É—Ç –®–∞—Ä–∫–æ–≤ –ü–∞–≤–µ–ª –ù–∏–∫–æ–ª–∞–µ–≤–∏—á, –∏ —è –≤—Å–µ–≥–¥–∞ —Å—Ç—Ä–µ–º–∏–ª—Å—è –±—ã—Ç—å —Å–∏–ª—å–Ω—ã–º –∏ –Ω–µ–∑–∞–≤–∏—Å–∏–º—ã–º —á–µ–ª–æ–≤–µ–∫–æ–º, –≥–æ—Ç–æ–≤—ã–º –ø–æ–º–æ–≥–∞—Ç—å –¥—Ä—É–≥–∏–º. –ù–æ —Ç–µ–ø–µ—Ä—å —è —Å–∞–º –≤—ã–Ω—É–∂–¥–µ–Ω –ø—Ä–æ—Å–∏—Ç—å –ø–æ–º–æ—â–∏, –≤–µ–¥—å –¥—Ä—É–≥–æ–≥–æ –≤—ã—Ö–æ–¥–∞ —É –º–µ–Ω—è –Ω–µ—Ç.

–Ø —Å—Ç–æ–ª–∫–Ω—É–ª—Å—è —Å —Ç—è–∂–µ–ª–æ–π –±–æ–ª–µ–∑–Ω—å—é ‚Äì –•–û–ë–õ (—Ö—Ä–æ–Ω–∏—á–µ—Å–∫–∞—è –æ–±—Å—Ç—Ä—É–∫—Ç–∏–≤–Ω–∞—è –±–æ–ª–µ–∑–Ω—å –ª–µ–≥–∫–∏—Ö). –ö–∞–∂–¥—ã–π –¥–µ–Ω—å –¥–ª—è –º–µ–Ω—è —Å—Ç–∞–ª –±–æ—Ä—å–±–æ–π –∑–∞ –∫–∞–∂–¥—ã–π –≤–¥–æ—Ö, –∑–∞ –∫–∞–∂–¥—ã–π —à–∞–≥. –Ø –Ω—É–∂–¥–∞—é—Å—å –≤ –≤–∞—à–µ–π –ø–æ–¥–¥–µ—Ä–∂–∫–µ, —á—Ç–æ–±—ã –æ—Å—Ç–∞–≤–∞—Ç—å—Å—è –≤ –∂–∏–≤—ã—Ö

–ú–æ–∏ –ª–µ–≥–∫–∏–µ —É–∂–µ –Ω–µ —Å–ø–æ—Å–æ–±–Ω—ã –æ–±–µ—Å–ø–µ—á–∏—Ç—å –æ—Ä–≥–∞–Ω–∏–∑–º –∫–∏—Å–ª–æ—Ä–æ–¥–æ–º, –∏ —è –≤—ã–Ω—É–∂–¥–µ–Ω –∏—Å–ø–æ–ª—å–∑–æ–≤–∞—Ç—å –∫–∏—Å–ª–æ—Ä–æ–¥–Ω—É—é —Ç–µ—Ä–∞–ø–∏—é. –ö–∞–∂–¥—ã–π –¥–µ–Ω—å –¥–ª—è –º–µ–Ω—è —Å—Ç–∞–Ω–æ–≤–∏—Ç—Å—è –≤—Å–µ —Ç—Ä—É–¥–Ω–µ–µ –∏ —Ç—Ä—É–¥–Ω–µ–µ, –∏ —Å–µ–π—á–∞—Å –º–æ—è –∂–∏–∑–Ω—å –Ω–∞—Ö–æ–¥–∏—Ç—Å—è –ø–æ–¥ —É–≥—Ä–æ–∑–æ–π.

–ú–æ–π –ø–æ—Ä—Ç–∞—Ç–∏–≤–Ω—ã–π –∫–∏—Å–ª–æ—Ä–æ–¥–Ω—ã–π –∫–æ–Ω—Ü–µ–Ω—Ç—Ä–∞—Ç–æ—Ä —Å–ª–æ–º–∞–ª—Å—è, –∏ —è –Ω–µ –º–æ–≥—É —Å–µ–±–µ –ø–æ–∑–≤–æ–ª–∏—Ç—å –µ–≥–æ –ø–æ—á–∏–Ω–∏—Ç—å –∏–ª–∏ –∫—É–ø–∏—Ç—å –Ω–æ–≤—ã–π. –ë–µ–∑ —ç—Ç–æ–≥–æ —É—Å—Ç—Ä–æ–π—Å—Ç–≤–∞ —è —É–∂–µ –Ω–µ—Å–∫–æ–ª—å–∫–æ –º–µ—Å—è—Ü–µ–≤ –ø—Ä–∏–∫–æ–≤–∞–Ω –∫ –¥–∏–≤–∞–Ω—É.

–ú–æ–∏ —Ä–æ–¥–Ω—ã–µ –ø–æ–∫–∏–Ω—É–ª–∏ –º–µ–Ω—è, —è –æ—Å—Ç–∞–ª—Å—è –Ω–∞ –ø—Ä–æ–∏–∑–≤–æ–ª —Å—É–¥—å–±—ã. –ü–µ–Ω—Å–∏—è –ø–æ –∏–Ω–≤–∞–ª–∏–¥–Ω–æ—Å—Ç–∏ –≤—Å–µ–≥–æ 7300–†, –Ω–æ –µ–µ –Ω–µ —Ö–≤–∞—Ç–∞–µ—Ç –ø—Ä–∞–∫—Ç–∏—á–µ—Å–∫–∏ –Ω–∏ –Ω–∞ —á—Ç–æ‚Ä¶ –õ–µ–∫–∞—Ä—Å—Ç–≤–∞ –±–µ—Å–ø–ª–∞—Ç–Ω—ã–µ –≤—ã–ø–∏—Å—ã–≤–∞—é—Ç, –Ω–æ —á–∞—Å—Ç–æ –∏—Ö –Ω–µ –±—ã–≤–∞–µ—Ç –≤ –∞–ø—Ç–µ–∫–µ, –ø–æ—ç—Ç–æ–º—É —á–∞—â–µ —è –ø–æ–∫—É–ø–∞—é –ø—Ä–µ–ø–∞—Ä–∞—Ç—ã –∑–∞ —Å–≤–æ–∏ –¥–µ–Ω—å–≥–∏.

–ú–Ω–µ –æ—Å—Ç—Ä–æ –Ω–µ–æ–±—Ö–æ–¥–∏–º–∞ —Ñ–∏–Ω–∞–Ω—Å–æ–≤–∞—è –ø–æ–º–æ—â—å –∫–∞–∂–¥—ã–π –º–µ—Å—è—Ü, —á—Ç–æ–±—ã –æ–ø–ª–∞—á–∏–≤–∞—Ç—å –∫–æ–º–º—É–Ω–∞–ª—å–Ω—ã–µ –ø–ª–∞—Ç–µ–∂–∏. –ö —Å–æ–∂–∞–ª–µ–Ω–∏—é, —Å—É–º–º–∞ –¥–æ–ª–≥–∞ —Å–µ–π—á–∞—Å –ø—Ä–µ–≤—ã—à–∞–µ—Ç 170 000 —Ä. –ú–æ—è –∂–∏–∑–Ω—å –∑–∞–≤–∏—Å–∏—Ç –Ω–∞–ø—Ä—è–º—É—é –æ—Ç —ç–ª–µ–∫—Ç—Ä–∏—á–µ—Å—Ç–≤–∞, –≤–µ–¥—å –∞–ø–ø–∞—Ä–∞—Ç—ã –¥–ª—è –¥—ã—Ö–∞–Ω–∏—è —Ä–∞–±–æ—Ç–∞—é—Ç –æ—Ç —Ä–æ–∑–µ—Ç–∫–∏. –ï—Å–ª–∏ –º–Ω–µ –æ—Ç–∫–ª—é—á–∞—Ç —Å–≤–µ—Ç, —è –º–æ–≥—É –ø—Ä–æ—Å—Ç–æ –∑–∞–¥–æ—Ö–Ω—É—Ç—å—Å—è...

–ú–Ω–µ —Å—Ç—ã–¥–Ω–æ –ø—Ä–æ—Å–∏—Ç—å, —Å—Ç—ã–¥–Ω–æ, —á—Ç–æ –æ–∫–∞–∑–∞–ª—Å—è —Å–æ–≤–µ—Ä—à–µ–Ω–Ω–æ –±–µ—Å–ø–æ–º–æ—â–Ω—ã–º... –ù–æ –±–µ–∑ –≤–∞—à–µ–π –ø–æ–º–æ—â–∏ –º–Ω–µ –ø—Ä–æ—Å—Ç–æ –Ω–µ –≤—ã–∂–∏—Ç—å.

–Ø –±—É–¥—É –∏—Å–∫—Ä–µ–Ω–Ω–µ –±–ª–∞–≥–æ–¥–∞—Ä–µ–Ω –∑–∞ –ª—é–±—É—é –ø–æ–¥–¥–µ—Ä–∂–∫—É... –°–ø–∞—Å–∏–±–æ –í–∞–º!

–°–ø–∞—Å—Ç–∏ –ü–∞–≤–ª—É –∂–∏–∑–Ω—å ‚Äî https://pomogi-cheloveku.ru/f2.html?utm_source=vk&utm_medium=posev&utm_campaign=test_creo&utm_content=green&utm_term=t7_c10",24,8744
Happy New Year! ü•≥,281,9048
"–í —Å–∞–º–æ–º –ø–æ–ø—É–ª—è—Ä–Ω–æ–º —Ç–æ—Ä–≥–æ–≤–æ–º —Ü–µ–Ω—Ç—Ä–µ Eaton centre –≤ –¢–æ—Ä–æ–Ω—Ç–æüí´üéÑ
–° –Ω–∞—Å—Ç—É–ø–∞—é—â–∏–º! ü•≥",339,12958
"–ù–æ–≤—ã–º –≥–æ–¥–æ–º –¥–∞–∂–µ –Ω–µ –ø–∞—Ö–Ω–µ—Ç, –∏–º –±—ã —Ö–æ—Ç—è –±—ã —Ö–ª–µ–±–∞ –∏ –∫–æ–Ω—Å–µ—Ä–≤–æ–≤. –ü–æ–º–æ–≥–∏—Ç–µ –Ω–∞–∫–æ—Ä–º–∏—Ç—å —Å—Ç–∞—Ä–∏–∫–æ–≤ –≤ –∑–æ–Ω–µ –°–í–û.

–°–µ–≥–æ–¥–Ω—è –∫–æ–ª–∏—á–µ—Å—Ç–≤–æ –ø–æ–∂–∏–ª—ã—Ö –ª—é–¥–µ–π, –∫–æ—Ç–æ—Ä—ã–µ –ø–æ —Ä–∞–∑–Ω—ã–º –ø—Ä–∏—á–∏–Ω–∞–º –æ—Å—Ç–∞–ª–∏—Å—å –∂–∏—Ç—å –Ω–∞ –∫–æ–Ω—Ñ–ª–∏–∫—Ç–Ω–æ–π —Ç–µ—Ä—Ä–∏—Ç–æ—Ä–∏–∏ –ø—Ä–µ–≤—ã—à–∞–µ—Ç —Ç—ã—Å—è—á–∏. 

–ü–æ—Å–∫–æ–ª—å–∫—É –Ω–∞ —ç—Ç–∏ —Ç–µ—Ä—Ä–∏—Ç–æ—Ä–∏–∏ –¥–æ—Å—Ç–∞–≤–∫–∞ –ø—Ä–æ–¥—É–∫—Ç–æ–≤ –æ–≥—Ä–∞–Ω–∏—á–µ–Ω–∞, –±–µ–¥–Ω—ã–µ –±–∞–±—É—à–∫–∏ –∏ –¥–µ–¥—É—à–∫–∏ —á–∞—Å—Ç–æ –Ω–µ –∑–Ω–∞—é—Ç, —á—Ç–æ –∏–º –ø–æ–∫—É—à–∞—Ç—å. –£ –Ω–µ–∫–æ—Ç–æ—Ä—ã—Ö –æ–≥–æ—Ä–æ–¥ –∫–∞–∫–æ–π-–Ω–∏–∫–∞–∫–æ–π, –∫–æ–º—É-—Ç–æ —Ä–æ–¥—Å—Ç–≤–µ–Ω–Ω–∏–∫–∏ –∏–Ω–æ–≥–¥–∞ –ø—Ä–∏–≤–æ–∑—è—Ç –ø–æ–º–æ—â—å. –ê –µ—Å—Ç—å —Å—Ç–∞—Ä–∏–∫–∏ —Å–æ–≤–µ—Ä—à–µ–Ω–Ω–æ –Ω–µ—Å–ø–æ—Å–æ–±–Ω—ã–µ –ø–æ —Å–æ—Å—Ç–æ—è–Ω–∏—é –∑–¥–æ—Ä–æ–≤—å—è –æ–±–µ—Å–ø–µ—á–∏—Ç—å —Å–µ–±—è –ø—Ä–æ–ø–∏—Ç–∞–Ω–∏–µ–º. –î—Ä—É–∑—å—è, —Å–∫–∞–∂–µ–º —á–µ—Å—Ç–Ω–æ: –Ω–∏–∫—Ç–æ –Ω–µ –∑–∞—Å–ª—É–∂–∏–≤–∞–µ—Ç —Ç–∞–∫–æ–≥–æ –Ω–∞ —Å—Ç–∞—Ä–æ—Å—Ç–∏ –ª–µ—Ç.

–°–µ–π—á–∞—Å, –≤ –ø—Ä–µ–¥–¥–≤–µ—Ä–∏–∏ –ù–æ–≤–æ–≥–æ –ì–æ–¥–∞, –º—ã —Ö–æ—Ç–∏–º –¥–æ—Å—Ç–∞–≤–∏—Ç—å –µ–¥—É –∫–∞–∫ –º–æ–∂–Ω–æ –±–æ–ª—å—à–µ–º—É –∫–æ–ª–∏—á–µ—Å—Ç–≤—É –≥–æ–ª–æ–¥–∞—é—â–∏—Ö –ø–µ–Ω—Å–∏–æ–Ω–µ—Ä–æ–≤. –í—ã–≤–µ–∑—Ç–∏ –≤—Å–µ—Ö –æ—Ç—Ç—É–¥–∞ –º—ã, –∫ —Å–æ–∂–∞–ª–µ–Ω–∏—é, –Ω–µ –º–æ–∂–µ–º, –∞ –≤–æ—Ç –ø—Ä–∏–≤–µ–∑—Ç–∏ –ø—Ä–æ–¥—É–∫—Ç—ã - –¥–∞!

–°–ø–µ—Ü–∏–∞–ª—å–Ω–æ –¥–ª—è –±–µ–¥–Ω—ã—Ö –º–∞–ª–æ–æ–±–µ—Å–ø–µ—á–µ–Ω–Ω—ã—Ö —Å—Ç–∞—Ä–∏–∫–æ–≤ –º—ã —Å–æ–±–∏—Ä–∞–µ–º –Ω–∞–±–æ—Ä—ã –≥–æ—Ä—è—á–µ–≥–æ –ø–∏—Ç–∞–Ω–∏—è –∏ –æ—Ç–ø—Ä–∞–≤–ª—è–µ–º –≤ –∑–æ–Ω—É –∫–æ–Ω—Ñ–ª–∏–∫—Ç–∞. 

–ö–æ–≥–¥–∞ –±–∞–±—É—à–∫–∏ –∏ –¥–µ–¥—É—à–∫–∏ –ø–æ–ª—É—á–∞—é—Ç —Ç–∞–∫—É—é –ø–æ–º–æ—â—å, –∏—Ö –≥–ª–∞–∑–∞ –Ω–∞–ø–æ–ª–Ω—è—é—Ç—Å—è —Å–ª–µ–∑–∞–º–∏ –±–ª–∞–≥–æ–¥–∞—Ä–Ω–æ—Å—Ç–∏! –í–æ—Ç —Ä–∞–¥–∏ —á–µ–≥–æ —Å—Ç–æ–∏—Ç –ø–æ–º–æ–≥–∞—Ç—å. –í–µ–¥—å –≤ —ç—Ç–æ—Ç —Å–≤–µ—Ç–ª—ã–π –ø—Ä–∞–∑–¥–Ω–∏–∫ —É –Ω–∏—Ö —Å–æ–≤–µ—Ä—à–µ–Ω–Ω–æ –Ω–∏–∫–æ–≥–æ –Ω–µ—Ç, –∫—Ä–æ–º–µ –Ω–∞—Å —Å –≤–∞–º–∏.

–ï—Å–ª–∏ –≤—ã —Ö–æ—Ç–∏—Ç–µ –ø—Ä–∏—Å–æ–µ–¥–∏–Ω–∏—Ç—å—Å—è –∫ –Ω–∞–º –∏ –ø–æ–º–æ—á—å –Ω–∞–∫–æ—Ä–º–∏—Ç—å —Å—Ç–∞—Ä–∏–∫–æ–≤, —Ç–æ —ç—Ç–æ –º–æ–∂–Ω–æ —Å–¥–µ–ª–∞—Ç—å –ª—é–±—ã–º —É–¥–æ–±–Ω—ã–º —Å–ø–æ—Å–æ–±–æ–º –Ω–∞ –Ω–∞—à–µ–º —Å–∞–π—Ç–µ.

–ü–æ–º–æ–≥–∏—Ç–µ –Ω–∞–∫–æ—Ä–º–∏—Ç—å —Å—Ç–∞—Ä–∏–∫–æ–≤ –∏ –Ω–∞–ø–æ–ª–Ω–∏—Ç—å –∏—Ö –ø—Ä–∞–∑–¥–Ω–∏–∫ —Ç–µ–ø–ª–æ–º –ª—é–±–≤–∏ –∏ –Ω–∞–¥–µ–∂–¥—ã –Ω–∞ –∑–∞–≤—Ç—Ä–∞—à–Ω–∏–π –¥–µ–Ω—å.

–ü–æ–º–æ—á—å —Å—Ç–∞—Ä–∏—á–∫–∞–º: https://help-dnr.ru/?utm_source=vk&utm_medium=posev&utm_campaign=pj_test_creo&utm_content=green&utm_term=t29_c5",22,7432
"–ö–∞–∫ –ø–æ–¥–æ–±—Ä–∞—Ç—å —Å–µ–±–µ –ø–æ–¥—Ö–æ–¥—è—â—É—é –ø—Ä–æ—Ñ–µ—Å—Å–∏—é? –ü—Ä–æ–π–¥–∏ —Ö–∏—Ç—Ä–æ—É–º–Ω—ã–π —Ç–µ—Å—Ç!

–û—Ç–≤–µ—Ç—å –Ω–∞ 30 –≤–æ–ø—Ä–æ—Å–æ–≤ –∏ —É–∑–Ω–∞–π, –∫ —á–µ–º—É —É —Ç–µ–±—è —Ç–∞–ª–∞–Ω—Ç. –ù–∞–±–æ—Ä –∫—É—Ä—Å–æ–≤ –¥–ª—è –±—ã—Å—Ç—Ä–æ–≥–æ —Å—Ç–∞—Ä—Ç–∞ ‚Äî –≤ –ø–æ–¥–∞—Ä–æ–∫:

https://vk.cc/ctwI1k

–í Skypro —Ä–∞–∑—Ä–∞–±–æ—Ç–∞–ª–∏ –∞–ª–≥–æ—Ä–∏—Ç–º –ø–æ–∏—Å–∫–∞ –Ω–æ–≤–æ–π —Ä–∞–±–æ—Ç—ã. –¢—Ä–∏ —à–∞–≥–∞ ‚Äî –∏ —Ç—ã —á–µ—Ç–∫–æ –ø–æ–Ω–∏–º–∞–µ—à—å, –∫–∞–∫ —Å –≤—ã–≥–æ–¥–æ–π —Å–º–µ–Ω–∏—Ç—å –ø—Ä–æ—Ñ–µ—Å—Å–∏—é.

–®–∞–≥ 1. –ü—Ä–æ—Ö–æ–¥–∏—à—å —Ç–µ—Å—Ç –∏ —É–∑–Ω–∞–µ—à—å, –∫ —á–µ–º—É —É —Ç–µ–±—è —Å–∫–ª–æ–Ω–Ω–æ—Å—Ç–∏.

–®–∞–≥ 2. –ë–µ—Å–ø–ª–∞—Ç–Ω–æ –ø–æ–ª—É—á–∞–µ—à—å –¥–≤–∞ –∫—É—Ä—Å–∞ –Ω–∞ –≤—ã–±–æ—Ä, —á—Ç–æ–±—ã –ø—Ä–æ–∫–∞—á–∞—Ç—å—Å—è –≤ –Ω—É–∂–Ω–æ–π –ø—Ä–æ—Ñ–µ—Å—Å–∏–∏.

–®–∞–≥ 3. –ü—Ä–æ—Ö–æ–¥–∏—à—å –∫–æ–Ω—Å—É–ª—å—Ç–∞—Ü–∏—é –æ—Ç –∫–∞—Ä—å–µ—Ä–Ω–æ–≥–æ —ç–∫—Å–ø–µ—Ä—Ç–∞ Skypro. –¢–æ–∂–µ –±–µ—Å–ø–ª–∞—Ç–Ω–æ!

–í—Å–µ –ø–æ-—á–µ—Å—Ç–Ω–æ–º—É.

–í —Ä–µ–∑—É–ª—å—Ç–∞—Ç–µ —É —Ç–µ–±—è —Å–ª–æ–∂–∏—Ç—Å—è —á–µ—Ç–∫–æ–µ –ø–æ–Ω–∏–º–∞–Ω–∏–µ, –∫–∞–∫ –æ—Å–≤–æ–∏—Ç—å —Å–æ–≤—Ä–µ–º–µ–Ω–Ω—É—é –ø—Ä–æ—Ñ–µ—Å—Å–∏—é –∏ —Å—Ç–∞—Ç—å —Å–ø–µ—Ü–æ–º, –∑–∞ –∫–æ—Ç–æ—Ä—ã–º –æ—Ö–æ—Ç—è—Ç—Å—è –∫–∞–¥—Ä–æ–≤–∏–∫–∏ –±–æ–≥–∞—Ç–µ–π—à–∏—Ö –∫–æ–º–ø–∞–Ω–∏–π.

–ù–∞—á–∞—Ç—å —Ç–µ—Å—Ç –ø–æ —Å—Å—ã–ª–∫–µ:

https://vk.cc/ctwI1k",5,6424
"Snow‚õÑÔ∏è 
–£ –≤–∞—Å —É–∂–µ –≤—ã–ø–∞–ª —Å–Ω–µ–≥?",153,7552
–í —Å–∞–º–æ–º —Ü–µ–Ω—Ç—Ä–µ –¢–æ—Ä–æ–Ω—Ç–æ –∫–∞–∂–¥—É—é –∑–∏–º—É –æ—Ç–∫—Ä—ã–≤–∞–µ—Ç—Å—è –∫–∞—Ç–æ–∫. –ü—Ä–æ–∫–∞—Ç –∫–æ–Ω—å–∫–æ–≤-15$ –•–æ—Ç–µ–ª–∏ –±—ã –ø–æ–∫–∞—Ç–∞—Ç—å—Å—è?,81,6458
–ê –≤—ã —É–∂–µ –∫–∞—Ç–∞–ª–∏—Å—å –Ω–∞ –∫–æ–Ω—å–∫–∞—Ö?,118,6939
"–ö–∞–∫ –ø–æ–¥–æ–±—Ä–∞—Ç—å —Å–µ–±–µ –ø–æ–¥—Ö–æ–¥—è—â—É—é –ø—Ä–æ—Ñ–µ—Å—Å–∏—é? –ü—Ä–æ–π–¥–∏ —Ö–∏—Ç—Ä–æ—É–º–Ω—ã–π —Ç–µ—Å—Ç!

–û—Ç–≤–µ—Ç—å –Ω–∞ 30 –≤–æ–ø—Ä–æ—Å–æ–≤ –∏ —É–∑–Ω–∞–π, –∫ —á–µ–º—É —É —Ç–µ–±—è —Ç–∞–ª–∞–Ω—Ç. –ù–∞–±–æ—Ä –∫—É—Ä—Å–æ–≤ –¥–ª—è –±—ã—Å—Ç—Ä–æ–≥–æ —Å—Ç–∞—Ä—Ç–∞ ‚Äî –≤ –ø–æ–¥–∞—Ä–æ–∫:

https://vk.cc/ctkru4

–í Skypro —Ä–∞–∑—Ä–∞–±–æ—Ç–∞–ª–∏ –∞–ª–≥–æ—Ä–∏—Ç–º –ø–æ–∏—Å–∫–∞ –Ω–æ–≤–æ–π —Ä–∞–±–æ—Ç—ã. –¢—Ä–∏ —à–∞–≥–∞ ‚Äî –∏ —Ç—ã —á–µ—Ç–∫–æ –ø–æ–Ω–∏–º–∞–µ—à—å, –∫–∞–∫ —Å –≤—ã–≥–æ–¥–æ–π —Å–º–µ–Ω–∏—Ç—å –ø—Ä–æ—Ñ–µ—Å—Å–∏—é.

–®–∞–≥ 1. –ü—Ä–æ—Ö–æ–¥–∏—à—å —Ç–µ—Å—Ç –∏ —É–∑–Ω–∞–µ—à—å, –∫ —á–µ–º—É —É —Ç–µ–±—è —Å–∫–ª–æ–Ω–Ω–æ—Å—Ç–∏.

–®–∞–≥ 2. –ë–µ—Å–ø–ª–∞—Ç–Ω–æ –ø–æ–ª—É—á–∞–µ—à—å –¥–≤–∞ –∫—É—Ä—Å–∞ –Ω–∞ –≤—ã–±–æ—Ä, —á—Ç–æ–±—ã –ø—Ä–æ–∫–∞—á–∞—Ç—å—Å—è –≤ –Ω—É–∂–Ω–æ–π –ø—Ä–æ—Ñ–µ—Å—Å–∏–∏.

–®–∞–≥ 3. –ü—Ä–æ—Ö–æ–¥–∏—à—å –∫–æ–Ω—Å—É–ª—å—Ç–∞—Ü–∏—é –æ—Ç –∫–∞—Ä—å–µ—Ä–Ω–æ–≥–æ —ç–∫—Å–ø–µ—Ä—Ç–∞ Skypro. –¢–æ–∂–µ –±–µ—Å–ø–ª–∞—Ç–Ω–æ!

–í—Å–µ –ø–æ-—á–µ—Å—Ç–Ω–æ–º—É.

–í —Ä–µ–∑—É–ª—å—Ç–∞—Ç–µ —É —Ç–µ–±—è —Å–ª–æ–∂–∏—Ç—Å—è —á–µ—Ç–∫–æ–µ –ø–æ–Ω–∏–º–∞–Ω–∏–µ, –∫–∞–∫ –æ—Å–≤–æ–∏—Ç—å —Å–æ–≤—Ä–µ–º–µ–Ω–Ω—É—é –ø—Ä–æ—Ñ–µ—Å—Å–∏—é –∏ —Å—Ç–∞—Ç—å —Å–ø–µ—Ü–æ–º, –∑–∞ –∫–æ—Ç–æ—Ä—ã–º –æ—Ö–æ—Ç—è—Ç—Å—è –∫–∞–¥—Ä–æ–≤–∏–∫–∏ –±–æ–≥–∞—Ç–µ–π—à–∏—Ö –∫–æ–º–ø–∞–Ω–∏–π.

–ù–∞—á–∞—Ç—å –ø—Ä–æ—Ñ.—Ç–µ—Å—Ç –ø–æ —Å—Å—ã–ª–∫–µ:

https://vk.cc/ctkru4",4,5632
"–ó–≤–æ–Ω–æ–∫ –≤ –¥–≤–µ—Ä—å, –∫—É—Ä—å–µ—Ä, –∞ —Ç–∞–º - –¥–æ–ª–≥–æ–∂–¥–∞–Ω–Ω–∞—è –ø–æ—Å—ã–ª–∫–∞

–ù–∞ –≤–∏–¥–µ–æ —Ä–∞–∑–Ω–æ—É—Ä–æ–≤–Ω–µ–≤–∞—è –∏–Ω—Ç–µ—Ä—å–µ—Ä–Ω–∞—è –∫–∞—Ä—Ç–∞ –º–∏—Ä–∞ Safari. –¢–æ–ª—å–∫–æ –ø–æ—Å–º–æ—Ç—Ä–∏—Ç–µ, –∫–∞–∫ –∏–¥–µ–∞–ª—å–Ω–æ –æ–Ω–∞ –≤–ø–∏—Å–∞–ª–∞—Å—å –≤ –∏–Ω—Ç–µ—Ä—å–µ—Ä –∫–≤–∞—Ä—Ç–∏—Ä—ã.
‚†Ä
–£–∑–Ω–∞—Ç—å —Ü–µ–Ω—É: vk.me/ga_den_ru?ref=mp_18&ref_source=mp",10,4359
"–ü–æ–º–æ–≥–∏—Ç–µ –±–µ–∑–¥–æ–º–Ω—ã–º —Å–æ–±–∞—á–∫–∞–º –∏ –∫–æ—Ç—è—Ç–∞–º –ø–µ—Ä–µ–∂–∏—Ç—å —ç—Ç—É —Ö–æ–ª–æ–¥–Ω—É—é –∑–∏–º—É! –ù—É–∂–Ω–æ –≤—Å–µ–≥–æ 30 —Ä—É–±–ª–µ–π –Ω–∞ –∫–æ—Ä–º –∏ —Ç–µ–ø–ª–æ–µ –º–µ—Å—Ç–æ.

–ó–∏–º–æ–π –≤ –°—É—Ä–≥—É—Ç–µ –æ—á–µ–Ω—å —Ö–æ–ª–æ–¥–Ω–æ, –º–æ—Ä–æ–∑—ã –¥–æ—Å—Ç–∏–≥–∞—é—Ç -62 –≥—Ä–∞–¥—É—Å–æ–≤.

–¢—ã—Å—è—á–∏ –±–µ–∑–¥–æ–º–Ω—ã—Ö –∂–∏–≤–æ—Ç–Ω—ã—Ö –ø—ã—Ç–∞—é—Ç—Å—è –≤—ã–∂–∏—Ç—å –∫–∞–∂–¥—É—é –∑–∏–º—É, –∏, –∫ —Å–æ–∂–∞–ª–µ–Ω–∏—é, –º–Ω–æ–≥–∏–µ –Ω–µ –≤—ã–¥–µ—Ä–∂–∏–≤–∞—é—Ç —ç—Ç–æ –∏—Å–ø—ã—Ç–∞–Ω–∏–µ.

–û—Ç –≥–æ–ª–æ–¥–∞ –∏ —Ö–æ–ª–æ–¥–∞, –∫–æ—Ç–∏–∫–∏ –∏ —Å–æ–±–∞—á–∫–∏ –±–æ–ª–µ—é—Ç, —É –Ω–∏—Ö –æ–±–º–µ—Ä–∑–∞—é—Ç –ª–∞–ø–∫–∏ –∏ —Ö–≤–æ—Å—Ç—ã. –ë–µ–¥–Ω—ã–µ –∂–∏–≤–æ—Ç–Ω—ã–µ –≤—ã–Ω—É–∂–¥–µ–Ω—ã –∫–∞–∂–¥—É—é —Å–µ–∫—É–Ω–¥—É —Å—Ä–∞–∂–∞—Ç—å—Å—è —Å–æ —Å—Ç–∏—Ö–∏–µ–π, —á—Ç–æ–±—ã –≤—ã–∂–∏—Ç—å.

–û–Ω–∏ –Ω–µ –º–æ–≥—É—Ç —Å–∞–º–∏ –ø—Ä–æ—Å–∏—Ç—å –ø–æ–º–æ—â–∏, –Ω–æ –≤ –∏—Ö –ø–µ—á–∞–ª—å–Ω—ã—Ö –≥–ª–∞–∑–∫–∞—Ö –º–æ–∂–Ω–æ –ø—Ä–æ—á–µ—Å—Ç—å: ""–ü–æ–º–æ–≥–∏ –º–Ω–µ, –ø–æ–∂–∞–ª—É–π—Å—Ç–∞, —á–µ–ª–æ–≤–µ–∫..."".

–ò –º—ã –º–æ–∂–µ–º –ø–æ–º–æ—á—å. –†–µ–≥–∏–æ–Ω–∞–ª—å–Ω–æ–µ –æ–±—â–µ—Å—Ç–≤–µ–Ω–Ω–æ–µ –¥–≤–∏–∂–µ–Ω–∏–µ –ø–æ–º–æ—â–∏ –±–µ–∑–¥–æ–º–Ω—ã–º –∂–∏–≤–æ—Ç–Ω—ã–º ""–î–∞–π –ª–∞–ø—É"" –∑–∞–±–∏—Ä–∞–µ—Ç –∂–∏–≤–æ—Ç–Ω—ã—Ö —Å —É–ª–∏—Ü—ã, –ª–µ—á–∏—Ç –∏ –∫–æ—Ä–º–∏—Ç.

–°–µ–π—á–∞—Å –ø—Ä–æ–µ–∫—Ç —Å—Ç—Ä–æ–∏—Ç –Ω–µ–±–æ–ª—å—à–æ–π –ø—Ä–∏—é—Ç, –≥–¥–µ –º–æ–∂–Ω–æ –±—ã–ª–æ –±—ã —Ä–∞–∑–º–µ—Å—Ç–∏—Ç—å –±–µ–∑–¥–æ–º–Ω—ã—Ö –∫–æ—à–µ–∫ –∏ —Å–æ–±–∞–∫.

–ù–æ–≤—ã–π –ì–æ–¥ –∏ –†–æ–∂–¥–µ—Å—Ç–≤–æ –¥–ª—è –º–Ω–æ–≥–∏—Ö - –≤—Ä–µ–º—è —á—É–¥–µ—Å –∏ –¥–æ–±—Ä—ã—Ö –ø–æ—Å—Ç—É–ø–∫–æ–≤. –î–∞–≤–∞–π—Ç–µ –≤–º–µ—Å—Ç–µ –ø–æ–¥–∞—Ä–∏–º –±–µ–∑–¥–æ–º–Ω—ã–º –∫–æ—Ç–∏–∫–∞–º –∏ —Å–æ–±–∞—á–∫–∞–º –ø—Ä–∏—é—Ç?

–ù–∞–¥–æ —É—Å–ø–µ—Ç—å —Å–æ–±—Ä–∞—Ç—å –Ω—É–∂–Ω—É—é —Å—É–º–º—É, —á—Ç–æ–±—ã –∂–∏–≤–æ—Ç–Ω—ã–µ –º–æ–≥–ª–∏ –≤—Å—Ç—Ä–µ—Ç–∏—Ç—å –ø—Ä–∞–∑–¥–Ω–∏–∫–∏ –≤ —Ç–µ–ø–ª–µ –∏ —Å –º–∏—Å–æ—á–∫–æ–π –µ–¥—ã.

–ü–æ–∂–∞–ª—É–π—Å—Ç–∞, –ø–æ–º–æ–≥–∏—Ç–µ –≤–æ–ª–æ–Ω—Ç—ë—Ä–∞–º, –ø–æ–∂–µ—Ä—Ç–≤—É–π—Ç–µ –ª—é–±—É—é –ø–æ—Å–∏–ª—å–Ω—É—é —Å—É–º–º—É –≤ –ø–æ–º–æ—â—å —Å—Ç—Ä–æ–∏—Ç–µ–ª—å—Å—Ç–≤—É.

–î–∞–∂–µ 20 –∏–ª–∏ 50 —Ä—É–±–ª–µ–π –ø–æ–º–æ–≥—É—Ç —Å–ø–∞—Å—Ç–∏ –µ—â—ë –æ–¥–Ω–æ –∂–∏–≤–æ—Ç–Ω–æ–µ –æ—Ç –≤–µ—Ä–Ω–æ–π –≥–∏–±–µ–ª–∏.

–ü–æ–º–æ—á—å ‚Äî https://daylapu-help.ru/?utm_source=vk&utm_medium=posev&utm_campaign=test_creo&utm_content=green&utm_term=t5_c7",20,4894
"–û—Å—Ç–∞–≤–ª—è—Ç—å –ø–µ—á–µ–Ω—å–µ –°–∞–Ω—Ç–µ –∏–ª–∏ –°–≤—è—Ç–æ–º—É –ù–∏–∫–æ–ª–∞—é ‚Äî —ç—Ç–æ –†–æ–∂–¥–µ—Å—Ç–≤–µ–Ω—Å–∫–∞—è —Ç—Ä–∞–¥–∏—Ü–∏—è. –¢—Ä–∞–¥–∏—Ü–∏—è –ø–µ—á–µ–Ω—å—è –∏ –º–æ–ª–æ–∫–∞ –∑–∞—Ä–æ–¥–∏–ª–∞—Å—å –∫–∞–∫ —Å–ø–æ—Å–æ–± –ø–æ–∫–∞–∑–∞—Ç—å –¥–µ—Ç—è–º, —á—Ç–æ –æ–Ω–∏ –¥–æ–ª–∂–Ω—ã –±—ã—Ç—å –±–ª–∞–≥–æ–¥–∞—Ä–Ω—ã –∑–∞ –ø–æ–¥–∞—Ä–∫–∏, –∫–æ—Ç–æ—Ä—ã–µ –æ–Ω–∏ –ø–æ–ª—É—á–∞—Ç –Ω–∞ –†–æ–∂–¥–µ—Å—Ç–≤–æ.",38,2873
"–í—Å–µ –∫–∞–Ω–∞–¥—Ü—ã, –æ—Å–æ–±–µ–Ω–Ω–æ –∫–æ—Ä–µ–Ω–Ω—ã–µ –Ω–∞—Ä–æ–¥—ã, –∑–∞–≤–∏—Å—è—Ç –æ—Ç –±–ª–∞–≥–æ–ø–æ–ª—É—á–∏—è –ø—Ä–∏—Ä–æ–¥–Ω–æ–π —Å—Ä–µ–¥—ã, –∫–æ—Ç–æ—Ä–∞—è –ø–æ–¥–¥–µ—Ä–∂–∏–≤–∞–µ—Ç –∏—Ö –∫—É–ª—å—Ç—É—Ä—É, –∑–¥–æ—Ä–æ–≤—å–µ –∏ —ç–∫–æ–Ω–æ–º–∏–∫—É.",73,6342
"–ò–Ω—Ç–µ—Ä—å–µ—Ä–Ω–∞—è –∫–∞—Ä—Ç–∞ –º–∏—Ä–∞ –∏–∑ –¥–µ—Ä–µ–≤–∞ ‚Äî –∏–¥–µ–∞–ª—å–Ω–æ–µ —Ä–µ—à–µ–Ω–∏–µ –¥–ª—è –ø—É—Å—Ç—É—é—â–µ–π —Å—Ç–µ–Ω—ã.

–ü–æ—Ä–∞–¥—É–π—Ç–µ —Å–≤–æ–∏—Ö –±–ª–∏–∑–∫–∏—Ö –≤–æ–ª—à–µ–±–Ω—ã–º –ø–æ–¥–∞—Ä–∫–æ–º.

–£–∑–Ω–∞—Ç—å —Ü–µ–Ω—É: vk.me/ga_den_ru?ref=mp_27&ref_source=mp",28,6686
Nature is the source of all true knowledge....,86,4874
"–°—Ä–æ—á–Ω–æ —Ç—Ä–µ–±—É—é—Ç—Å—è IT-—Å–ø–µ—Ü–∏–∞–ª–∏—Å—Ç—ã –±–µ–∑ –æ–ø—ã—Ç–∞. –í—Å–µ–º—É –Ω–∞—É—á–∏–º —Å–∞–º–∏!

–ì–¥–µ –≤—ã –∂–∏–≤–µ—Ç–µ, –∫–∞–∫–æ–µ —É –≤–∞—Å –æ–±—Ä–∞–∑–æ–≤–∞–Ω–∏–µ, –µ—Å—Ç—å –ª–∏ —É –≤–∞—Å –¥–µ–Ω—å–≥–∏ ‚Äî –Ω–µ–≤–∞–∂–Ω–æ. –ü–æ–¥–æ–π–¥—ë—Ç —Ç–µ–º, –∫—Ç–æ —Å–µ–π—á–∞—Å —Ä–∞–±–æ—Ç–∞–µ—Ç –≤ –æ—Ñ–∏—Å–µ –∏–ª–∏ –∫—Ç–æ –≤ –¥–µ–∫—Ä–µ—Ç–µ.

https://vk.cc/ct8Xpq

–ù–æ –ø–æ–¥–æ–π–¥—É—Ç –Ω–µ –≤—Å–µ. –ï—Å—Ç—å 3 –ø–æ–∂–µ–ª–∞–Ω–∏—è:

1. –ù—É–∂–Ω–æ –ø–æ–Ω–∏–º–∞—Ç—å, —á—Ç–æ –≤ IT –Ω–µ –ø—Ä–æ—Å—Ç–æ —Ä–∞–∑–¥–∞—é—Ç –¥–µ–Ω—å–≥–∏ –Ω–∞–ø—Ä–∞–≤–æ –∏ –Ω–∞–ª–µ–≤–æ. –î–∞, —Ç–∞–º –¥–µ–π—Å—Ç–≤–∏—Ç–µ–ª—å–Ω–æ –ø–ª–∞—Ç—è—Ç —Ö–æ—Ä–æ—à–∏–µ –¥–µ–Ω—å–≥–∏. –ù–æ —ç—Ç–æ –Ω–∞—Å—Ç–æ—è—â–∞—è —Ä–∞–±–æ—Ç–∞, —Ç–∞–∫ —á—Ç–æ –∂–¥—ë–º —Ç–æ–ª—å–∫–æ –æ—Ç–≤–µ—Ç—Å—Ç–≤–µ–Ω–Ω—ã—Ö.

2. –ù—É–∂–Ω–æ –±—ã—Ç—å –º–æ—Ä–∞–ª—å–Ω–æ –≥–æ—Ç–æ–≤—ã–º –∫ —Ç–∞–∫–∏–º –¥–µ–Ω—å–≥–∞–º. –ú–Ω–æ–≥–∏–µ –ø–æ–ª—É—á–∞—é—Ç –ø–µ—Ä–≤—É—é –∑–∞—Ä–ø–ª–∞—Ç—É –∏ –∏–º ¬´–∫—Ä—ã—à—É —Å–Ω–æ—Å–∏—Ç¬ª.

3. –£–≤–æ–ª—å–Ω—è—Ç—å—Å—è –∏ —Å–ª–µ–ø–æ –≤–µ—Ä–∏—Ç—å —Ä–µ–∫–ª–∞–º–µ –Ω–µ –Ω—É–∂–Ω–æ! –ù–∞—á–∞—Ç—å –º–æ–∂–Ω–æ —Å –ø–æ–¥—Ä–∞–±–æ—Ç–∫–∏, –∞ –Ω–µ –±—Ä–æ—Å–∞—Ç—å –≤—Å—ë. –ú—ã –∑–∞ —Ç—Ä–µ–∑–≤—ã–π –ø–æ–¥—Ö–æ–¥.

–ß—Ç–æ–±—ã –±–µ–∑–±–æ–ª–µ–∑–Ω–µ–Ω–Ω–æ –≤–æ–π—Ç–∏ –≤ IT –∏ –Ω–∞—á–∞—Ç—å –Ω–∞ —ç—Ç–æ–º –∑–∞—Ä–∞–±–∞—Ç—ã–≤–∞—Ç—å, –Ω—É–∂–Ω—ã —Ç–æ–ª—å–∫–æ:

‚Äî –∫–æ–º–ø—å—é—Ç–µ—Ä / –Ω–æ—É—Ç–±—É–∫, –º–æ–∂–Ω–æ —Å—Ç–∞—Ä—ã–π
‚Äî –ø–∞—Ä–∞ —á–∞—Å–æ–≤ –≤ –¥–µ–Ω—å

–£–º–µ–Ω–∏–µ –ø—Ä–æ–≥—Ä–∞–º–º–∏—Ä–æ–≤–∞—Ç—å –Ω–µ–æ–±—è–∑–∞—Ç–µ–ª—å–Ω–æ, –º–æ–∂–Ω–æ —Ä–∞–±–æ—Ç–∞—Ç—å –∏ –∑–∞—Ä–∞–±–∞—Ç—ã–≤–∞—Ç—å –±–µ–∑ –Ω–µ–≥–æ.

–ù–∞ —á—Ç–æ –º–æ–∂–Ω–æ —Ä–∞—Å—Å—á–∏—Ç—ã–≤–∞—Ç—å? –í—Å—ë –ø—Ä–æ—Å—Ç–æ ‚Äî —É–¥–∞–ª—ë–Ω–Ω–∞—è —Ä–∞–±–æ—Ç–∞, —Å—Ç–∞–±–∏–ª—å–Ω—ã–π –¥–æ—Ö–æ–¥ –±–µ–∑ –ø–æ—Ç–æ–ª–∫–∞, –≤–æ–∑–º–æ–∂–Ω–æ—Å—Ç—å —Ä–∞—Å—Ç–∏ –≤ –¥–µ–Ω—å–≥–∞—Ö –∫–∞–∂–¥—ã–µ –ø–∞—Ä—É –º–µ—Å—è—Ü–µ–≤. –ú–æ–∂–Ω–æ —Ä–∞–±–æ—Ç–∞—Ç—å –Ω–∞ —Å–µ–±—è.

–ù–µ –Ω—É–∂–Ω—ã –æ—Å–æ–±—ã–µ –∑–Ω–∞–Ω–∏—è, —Ç–∞–ª–∞–Ω—Ç—ã –∏–ª–∏ –ø—Ä–∏—Ä–æ–¥–Ω—ã–π –¥–∞—Ä.

–ß–µ—Å—Ç–Ω–æ —Å–∫–∞–∂–µ–º ‚Äî —Å–ø—Ä–∞–≤–ª—è–µ—Ç—Å—è –ª—é–±–æ–π –∂–µ–ª–∞—é—â–∏–π. –ù–µ–æ–±—É—á–∞–µ–º—ã —Ç–æ–ª—å–∫–æ —Ç–µ, –∫—Ç–æ –≤–æ–æ–±—â–µ –Ω–µ —Ö–æ—á–µ—Ç –Ω–∏—á–µ–≥–æ –¥–µ–ª–∞—Ç—å.

–ß—Ç–æ–±—ã –ø–æ–Ω—è—Ç—å, –∫–∞–∫–∞—è –ø—Ä–æ—Ñ–µ—Å—Å–∏—è –≤ IT –≤–∞–º –ø–æ–¥—Ö–æ–¥–∏—Ç, –∑–∞–ø–∏—à–∏—Ç–µ—Å—å –Ω–∞ –±–µ—Å–ø–ª–∞—Ç–Ω—ã–π –º–∞—Ä–∞—Ñ–æ–Ω –ø–æ —Å—Å—ã–ª–∫–µ:

https://vk.cc/ct8Xpq",5,3711
"–°–µ–≥–æ–¥–Ω—è —Ö–æ–∫–∫–µ–π —Å —à–∞–π–±–æ–π —è–≤–ª—è–µ—Ç—Å—è –ª—é–±–∏–º—ã–º –∑–∞–Ω—è—Ç–∏–µ–º –±–æ–ª—å—à–∏–Ω—Å—Ç–≤–∞ –∫–∞–Ω–∞–¥—Ü–µ–≤, –∑–∞ –Ω–∏–º —Å–ª–µ–¥—É—é—Ç –≥–æ–ª—å—Ñ, –∫–µ—Ä–ª–∏–Ω–≥, –±–∞—Å–∫–µ—Ç–±–æ–ª –∏, –∫–æ–Ω–µ—á–Ω–æ –∂–µ, –∫–∞–Ω–∞–¥—Å–∫–∏–π —Ñ—É—Ç–±–æ–ª.",73,5042
"11 —Ñ–∏—à–µ–∫ –∫–∞—á–µ—Å—Ç–≤–µ–Ω–Ω–æ–≥–æ –∫–æ—Å—Ç—é–º–∞ –¥–ª—è –∫–∞—Ç–∞–Ω–∏—è, –Ω–∞ –∫–æ—Ç–æ—Ä—ã—Ö –Ω–µ —Å—Ç–æ–∏—Ç —ç–∫–æ–Ω–æ–º–∏—Ç—å

1. –í–µ—Ç—Ä–æ–Ω–µ–ø—Ä–æ–ø—É—Å–∫–∞–µ–º–æ—Å—Ç—å

–í –≥–æ—Ä–∞—Ö –ø–æ–≥–æ–¥–∞ –±—ã–≤–∞–µ—Ç —Ä–∞–∑–Ω–∞—è ‚Äì –Ω—É–∂–Ω–æ –±—ã—Ç—å –≥–æ—Ç–æ–≤—ã–º –∫ –ø–æ—Ä—ã–≤–∞–º —Å–∏–ª—å–Ω–æ–≥–æ –≤–µ—Ç—Ä–∞. –°–º–æ—Ç—Ä–∏, —á—Ç–æ–±—ã —Ç–≤–æ–π –∫–æ—Å—Ç—é–º –∏–º–µ–ª –ø–ª–∞—â–µ–≤—ã–π —Å–ª–æ–π, –∫–æ—Ç–æ—Ä—ã–π –±—É–¥–µ—Ç –Ω–∞–¥–µ–∂–Ω–æ–π –≤–µ—Ç—Ä–æ–∑–∞—â–∏—Ç–æ–π (–∫–∞–∫ —É –Ω–∞—à–µ–≥–æ —Å–æ—Ñ—Ç—à–µ–ª–ª–∞ –Ω–∞ —Ñ–æ—Ç–æ).

2. –ö–∞–ø—é—à–æ–Ω –¥–æ–ª–∂–µ–Ω –±—ã—Ç—å –≥–ª—É–±–æ–∫–∏–º: —á—Ç–æ–±—ã –≤ –Ω–µ–≥–æ –ø–æ–ª–Ω–æ—Å—Ç—å—é –ø–æ–º–µ—â–∞–ª—Å—è —à–ª–µ–º, –ø—Ä–∏ —ç—Ç–æ–º –Ω–µ —Ç—è–Ω—É–ª–æ –≥–æ—Ä–ª–æ, –∞ –ª–∏—Ü–æ –∑–∞–∫—Ä—ã–≤–∞–ª–æ—Å—å –¥–æ —Å–∞–º–æ–π –º–∞—Å–∫–∏.

3. –°–æ—á–Ω—ã–π —Ü–≤–µ—Ç 
–ì–æ—Ä–∞ ‚Äì —ç—Ç–æ –º–µ—Å—Ç–æ, –≥–¥–µ —Ç—ã –∑–∞—è–≤–ª—è–µ—à—å –æ —Å–µ–±–µ –≤—Å–µ–π —Ç—É—Å–æ–≤–∫–µ! –°–º–µ–ª–æ —Å–æ—á–µ—Ç–∞–π –±–∞–∑–æ–≤—ã–µ –∏ —è—Ä–∫–∏–µ –æ—Ç—Ç–µ–Ω–∫–∏. –¢–µ–º–Ω—ã–µ –±—Ä—é–∫–∏ ‚Äì —ç—Ç–æ —Ñ—É–Ω–∫—Ü–∏–æ–Ω–∞–ª—å–Ω–æ, –∞ –∫—É—Ä—Ç–∫—É ‚Äì –±–µ—Ä–∏ —Å–∞–º—É—é –∫—Ä–∞—Å–æ—á–Ω—É—é.

4. –†–∞–∑–º–µ—Ä
–í–æ –≤—Å–µ–º –º–∏—Ä–µ —É —Ä–∞–π–¥–µ—Ä–æ–≤ –µ—Å—Ç—å —Å–≤–æ–π –æ—Å–æ–±—ã–π —Å—Ç–∏–ª—å ‚Äì –∏ –ø—Ä–µ–∂–¥–µ –≤—Å–µ–≥–æ, —ç—Ç–æ –æ–≤–µ—Ä—Å–∞–π–∑ –ø–æ—Å–∞–¥–∫–∞ –∫–æ—Å—Ç—é–º–∞. –ß—Ç–æ –Ω–µ —Ç–æ–ª—å–∫–æ —Å—Ç–∏–ª—å–Ω–æ, –Ω–æ –∏ —Ñ—É–Ω–∫—Ü–∏–æ–Ω–∞–ª—å–Ω–æ, –ø–æ—Ç–æ–º—É —á—Ç–æ –≤–Ω—É—Ç—Ä–∏ —É —Ç–µ–±—è –±—É–¥–µ—Ç —Ç–µ—Ä–º–æ–±–µ–ª—å–µ, —Å–ª–æ–π —É—Ç–µ–ø–ª–µ–Ω–∏—è –∏ –≤–æ–∑–º–æ–∂–Ω–æ –∑–∞—â–∏—Ç–∞.

–ö—Å—Ç–∞—Ç–∏, —É –Ω–∞—à–µ–≥–æ —Å–æ—Ñ—Ç—à–µ–ª–ª–∞ –æ–≤–µ—Ä—Å–∞–π–∑ —Ñ–∏—Ç.

5. –§–∏—Ç
–ö–æ—Å—Ç—é–º –Ω–µ –¥–æ–ª–∂–µ–Ω —Å–º–æ—Ç—Ä–µ—Ç—å—Å—è –∫–∞–∫ –ø–∏–¥–∂–∞–∫. –î–æ–ª–∂–Ω—ã –±—ã—Ç—å —Å—Ç–∏–ª—å–Ω—ã–µ —Å–∫–ª–∞–¥–∫–∏, —á—Ç–æ–±—ã —Ç—ã –≤—ã–≥–ª—è–¥–µ–ª –∫–∞–∫ –ø—Ä–æ —Ä–∞–π–¥–µ—Ä. –ò –≤–∞–∂–Ω–æ, —á—Ç–æ–±—ã –æ–Ω –Ω–µ –≤–∏—Å–µ–ª, –∞ –∏–º–µ–Ω–Ω–æ –∫—Ä–∞—Å–∏–≤–æ —Å–∫–ª–∞–¥—ã–≤–∞–ª—Å—è ‚Äì –∑–∞ —Å—á–µ—Ç –ø–ª–æ—Ç–Ω–æ–≥–æ –º–∞—Ç–µ—Ä–∏–∞–ª–∞ –∏ –ø–æ–¥–∫–ª–∞–¥–∞ –Ω–∞—à —Å–æ—Ñ—Ç—à–µ–ª–ª —Å–∏–¥–∏—Ç –∏–º–µ–Ω–Ω–æ —Ç–∞–∫.

6. –§—É–Ω–∫—Ü–∏–æ–Ω–∞–ª—å–Ω–æ—Å—Ç—å –∫–∞—Ä–º–∞–Ω–æ–≤
–ü–æ–¥—É–º–∞–π –æ —Ç–æ–º, —á—Ç–æ –≤ –∫–æ—Å—Ç—é–º —Ç—ã –¥–æ–ª–∂–µ–Ω —Å–ª–æ–∂–∏—Ç—å —Å —Å–æ–±–æ–π –≤—Å–µ —Å–∞–º–æ–µ –Ω—É–∂–Ω–æ. –ò —Å–¥–µ–ª–∞—Ç—å —ç—Ç–æ —Ç–∞–∫, —á—Ç–æ–±—ã –Ω–∏—á–µ–≥–æ –Ω–µ –ø–æ—Ç–µ—Ä—è–ª–æ—Å—å –∏ –Ω–µ –ø—Ä–æ–º–æ–∫–ª–æ. –í –Ω–∞—à–µ–º –∫–æ—Å—Ç—é–º–µ —Ç–µ–±–µ —Å —ç—Ç–∏–º –ø–æ–º–æ–≥—É—Ç –∫–∞—Ä–º–∞–Ω—ã –Ω–∞ –≤–ª–∞–≥–æ–∑–∞—â–∏—Ç–Ω—ã—Ö –º–æ–ª–Ω–∏—è—Ö.

7. –ú–µ–º–±—Ä–∞–Ω–∞
–ü—Ä–∏ –≤—ã–±–æ—Ä–µ –º–µ–º–±—Ä–∞–Ω—ã —Å–º–æ—Ç—Ä–∏ –Ω–∞ –¥–≤–∞ –ø–æ–∫–∞–∑–∞—Ç–µ–ª—è: –ø–∞—Ä–æ–ø—Ä–æ–Ω–∏—Ü–∞–µ–º–æ—Å—Ç—å (—á—Ç–æ–±—ã –≤—ã–≤–æ–¥–∏–ª—Å—è –ø–æ—Ç, –∫–æ–Ω–¥–µ–Ω—Å–∞—Ç –∏ —Ç—ã –Ω–µ –∑–∞–º–µ—Ä–∑–∞–ª) –∏ –≤–æ–¥–æ—Å—Ç–æ–π–∫–æ—Å—Ç—å (–ø–æ–∫–∞–∑–∞—Ç–µ–ª—å –∑–∞—â–∏—Ç—ã –æ—Ç –≤–Ω–µ—à–Ω–µ–≥–æ –≤–æ–∑–¥–µ–π—Å—Ç–≤–∏—è). 

–ï—Å–ª–∏ —Ç—ã –ª—é–±–∏—Ç–µ–ª—å –∏–ª–∏ –∫–∞—Ç–∞–µ—à—å—Å—è –≤ —Å–ø–æ–∫–æ–π–Ω–æ–º —Å—Ç–∏–ª–µ, —Ç–æ –ø–æ–¥–æ–π–¥–µ—Ç –º–µ–º–±—Ä–∞–Ω–∞ –æ—Ç 5000 –¥–æ 10000 ‚Äì –≤ –Ω–µ–π —Ç—ã –¥–æ–ª—å—à–µ –Ω–µ –∑–∞–º–µ—Ä–∑–Ω–µ—à—å. –ï—Å–ª–∏ –ø—Ä–æ—Ñ–µ—Å—Å–∏–æ–Ω–∞–ª—å–Ω—ã–π —Ä–∞–π–¥–µ—Ä —Å –∞–≥—Ä–µ—Å—Å–∏–≤–Ω—ã–º —Å—Ç–∏–ª–µ–º ‚Äì —Ç–æ –Ω—É–∂–µ–Ω –∫–æ—Å—Ç—é–º —Å –ø–æ–∫–∞–∑–∞—Ç–µ–ª—è–º–∏ –æ—Ç 10000 –¥–æ 20000.

–ò–¥–µ–∞–ª—å–Ω–æ–µ —Å–æ–æ—Ç–Ω–æ—à–µ–Ω–∏–µ –¥–ª—è –Ω–∞—á–∏–Ω–∞—é—â–∏—Ö –∏ –±–æ–ª–µ–µ –æ–ø—ã—Ç–Ω—ã—Ö ‚Äì —Å–æ—Ñ—Ç—à–µ–ª–ª.

8. –í–µ—Å
–¢—É—Ç –≤—Å–µ –ø—Ä–æ—Å—Ç–æ: —á–µ–º –º–µ–Ω—å—à–µ –≤–µ—Å, —Ç–µ–º –∫–æ–º—Ñ–æ—Ä—Ç–Ω–µ–µ –∫–∞—Ç–∞–Ω–∏–µ. –ü–æ—ç—Ç–æ–º—É —Å–º–æ—Ç—Ä–∏ –Ω–∞ –∫–æ—Å—Ç—é–º—ã –±–µ–∑ —É—Ç–µ–ø–ª–∏—Ç–µ–ª—è ‚Äì –æ–Ω–∏ –±–æ–ª–µ–µ –ª–µ–≥–∫–∏–µ –∏ —Ñ—É–Ω–∫—Ü–∏–æ–Ω–∞–ª—å–Ω—ã–µ (–ø–æ–º–Ω–∏ –æ —Ç–µ–æ—Ä–∏–∏ —Ç—Ä–µ—Ö —Å–ª–æ–µ–≤).

9. –ò–∑–Ω–æ—Å–æ—Å—Ç–æ–π–∫–æ—Å—Ç—å
–ß–µ–º –¥–µ—à–µ–≤–ª–µ –º–µ–º–±—Ä–∞–Ω–∞, —Ç–µ–º –æ–Ω–∞ —Ç–æ–Ω—å—à–µ, –∏ —Ç–µ–º –º–µ–Ω—å—à–µ –≤ –Ω–µ–π —Å–ª–æ–µ–≤. –ü–æ—ç—Ç–æ–º—É –ø–æ—Å–ª–µ –ø–∞—Ä—ã –ø–∞–¥–µ–Ω–∏–π —Ç—ã –º–æ–∂–µ—à—å –æ–±–Ω–∞—Ä—É–∂–∏—Ç—å –¥—ã—Ä–∫–∏, –Ω–µ –≥–æ–≤–æ—Ä—è —É–∂–µ –æ —Ñ—Ä–∏—Ä–∞–π–¥–µ, –≥–¥–µ –≤–µ—Ç–∫–∞ —Ç–æ—á–Ω–æ —Ä–∞–∑–æ—Ä–≤–µ—Ç —Ç–≤–æ–π –∫–æ—Å—Ç—é–º (—Å–æ—Ñ—Ç—à–µ–ª–ª ‚Äì —Ç–∞–∫ –Ω–µ —Ä–≤–µ—Ç—Å—è).

10. –§—É–Ω–∫—Ü–∏–æ–Ω–∞–ª—å–Ω–æ—Å—Ç—å –∫–∞—Ç–∞–ª—å–Ω–æ–π –æ–¥–µ–∂–¥—ã
–í–∞–∂–Ω–æ, —á—Ç–æ–±—ã —É —Ç–≤–æ–µ–π –∫—É—Ä—Ç–∫–∏ –∏ –±—Ä—é–∫ –æ–±—è–∑–∞—Ç–µ–ª—å–Ω–æ –±—ã–ª–∏ —Å–Ω–µ–≥–æ–∑–∞—â–∏—Ç–Ω—ã–µ –º–∞–∂–µ–Ω—Ç—ã, –≥–µ—Ç—Ä—ã –æ—Ç —Å–Ω–µ–≥–∞, —É—Ç—è–∂–∫–∏ –∏ –≤–ª–∞–≥–æ–∑–∞—â–∏—Ç–Ω—ã–µ –º–æ–ª–Ω–∏–∏. –¢–∞–∫ –ø–æ—Å–ª–µ –∫–∞—Ç–∫–∏ —É —Ç–µ–±—è –Ω–µ –±—É–¥–µ—Ç –≤ –æ–¥–µ–∂–¥–µ —Å—É–≥—Ä–æ–±–æ–≤ –∏ –≤–æ–¥—ã. 

–í —Å–æ—Ñ—Ç—à–µ–ª–ª–µ –æ—Ç CHUKCHA –ø—Ä–µ–¥—É—Å–º–æ—Ç—Ä–µ–Ω–æ –≤—Å–µ: –µ—Å—Ç—å –≤—Å–µ –º–∞–Ω–∂–µ—Ç—ã, —Å–Ω–µ–≥–æ–∑–∞—â–∏—Ç–Ω—ã–µ –≥–µ—Ç—Ä—ã, –¥–æ–ø–æ–ª–Ω–∏—Ç–µ–ª—å–Ω–æ —é–±–∫–∞ –æ—Ç —Å–Ω–µ–≥–∞, —É—Ç—è–∂–∫–∏ –Ω–∞ –∞–Ω–æ—Ä–∞–∫–µ –∏ –≤–ª–∞–≥–æ–∑–∞—â–∏—Ç–Ω—ã–µ –º–æ–ª–Ω–∏–∏.

11. –£–Ω–∏–≤–µ—Ä—Å–∞–ª—å–Ω–æ—Å—Ç—å —Ç–µ–º–ø–µ—Ä–∞—Ç—É—Ä–Ω–æ–≥–æ —Ä–µ–∂–∏–º–∞
–ò–¥–µ–∞–ª—å–Ω—ã–π –∫–æ—Å—Ç—é–º –¥–ª—è –∫–∞—Ç–∞–Ω–∏—è –º–æ–∂–Ω–æ –∏—Å–ø–æ–ª—å–∑–æ–≤–∞—Ç—å –æ—Ç +5/+10 –≥—Ä–∞–¥—É—Å–æ–≤ –¥–æ -25 –≥—Ä–∞–¥—É—Å–æ–≤. –¢–∞–∫, —Ç—ã —Å–º–æ–∂–µ—à—å –∫–∞—Ç–∞—Ç—å –∏ –ø–æ–∑–¥–Ω–µ–π –≤–µ—Å–Ω–æ–π, –∏ –≤ —Ö–æ–ª–æ–¥–Ω—ã–µ –¥–Ω–∏. 

–í –Ω–∞—à–µ–º –∫–æ—Å—Ç—é–º–µ –¥–ª—è —ç—Ç–æ–≥–æ –ø—Ä–µ–¥—É—Å–º–æ—Ç—Ä–µ–Ω—ã –≤–µ–Ω—Ç–∏–ª—è—Ü–∏–æ–Ω–Ω—ã–µ –æ—Ç–≤–µ—Ä—Å—Ç–∏—è —É –∞–Ω–æ—Ä–∞–∫–∞ –∏ –±—Ä—é–∫, –∫–æ—Ç–æ—Ä—ã–µ –º–∞–∫—Å–∏–º–∞–ª—å–Ω–æ —Ä–∞—Å—à–∏—Ä—è—é—Ç —Ç–µ–º–ø–µ—Ä–∞—Ç—É—Ä–Ω—ã–π –¥–∏–∞–ø–∞–∑–æ–Ω.

–ù—É–∂–Ω–∞ –ø–æ–º–æ—â—å —Å –≤—ã–±–æ—Ä–æ–º –∫–æ—Å—Ç—é–º–∞?

–ü–µ—Ä–µ—Ö–æ–¥–∏ –ø–æ —Å—Å—ã–ª–∫–µ, —É–∫–∞–∂–∏ —Å–≤–æ–π —Ä–æ—Å—Ç –∏ —Ä–∞–∑–º–µ—Ä ‚Äì –∏ –º—ã –ø–æ–¥–±–µ—Ä–µ–º –¥–ª—è —Ç–µ–±—è —É–¥–æ–±–Ω—ã–π –∏ —Å—Ç–∏–ª—å–Ω—ã–π –∫–æ—Å—Ç—é–º —Å –∏–¥–µ–∞–ª—å–Ω–æ–π –ø–æ—Å–∞–¥–∫–æ–π:

https://vk.com/app5898182_-16183908#s=2434882&force=1&utm_content=sani23&utm_campaign=market

–ë–æ–ª–µ–µ 600 000 –ª—é–±–∏—Ç–µ–ª–µ–π –∞–∫—Ç–∏–≤–Ω–æ–≥–æ –æ–±—Ä–∞–∑–∞ –∂–∏–∑–Ω–∏, –ø—É—Ç–µ—à–µ—Å—Ç–≤–∏–π, –ø—Ä–∏—Ä–æ–¥—ã –∏ —ç–∫—Å—Ç—Ä–µ–º–∞–ª—å–Ω–æ–≥–æ —Å–ø–æ—Ä—Ç–∞ –ø–æ –≤—Å–µ–º—É –º–∏—Ä—É –≤—ã–±–∏—Ä–∞—é—Ç CHUKCHA. –í—Å–µ –Ω–∞—à–∏ –∫–æ—Å—Ç—é–º—ã –ø—Ä–æ—Å–ª—É–∂–∞—Ç —Ç–µ–±–µ –º–∏–Ω–∏–º—É–º 8 –∑–∏–º.

–ü—Ä–∏—Å–æ–µ–¥–∏–Ω—è–π—Å—è –∫ –Ω–∞—à–µ–º—É –ø–ª–µ–º–µ–Ω–∏!

–î–æ—Å—Ç–∞–≤–∏–º —Ç–≤–æ—é –æ–±–Ω–æ–≤–∫—É –≤ –ª—é–±—É—é —Ç–æ—á–∫—É –†–æ—Å—Å–∏–∏ ‚Äì –±–µ–∑ ¬´—Å—é—Ä–ø—Ä–∏–∑–æ–≤¬ª –∏ –±—Ä–∞–∫–∞.

–•–æ—á—É –∫–æ—Å—Ç—é–º: https://vk.com/app5898182_-16183908#s=2434882&force=1&utm_content=sani23&utm_campaign=market",9,4828
It's Beginning to Look a Lot Like ChristmasüéÑ,110,3551
Sledding –∏–ª–∏ –∫–∞—Ç–∞–Ω–∏–µ –Ω–∞ —Å–∞–Ω—è—Ö-—Å—É–ø–µ—Ä –ø–æ–ø—É–ª—è—Ä–Ω–∞—è —Ä–∞–∑–≤–ª–µ—á–µ–Ω–∏–µ –≤ –ö–∞–Ω–∞–¥–µ –∑–∏–º–æ–π. –ê —Ç—ã –∑–Ω–∞–ª —ç—Ç–æ —Å–ª–æ–≤–æ? –ü–∏—à–∏ –≤ –∫–æ–º–º–µ–Ω—Ç—ãüëáüëáüëá,40,4403
"–ó–≤–æ–Ω–æ–∫ –≤ –¥–≤–µ—Ä—å, –∫—É—Ä—å–µ—Ä, –∞ —Ç–∞–º - –¥–æ–ª–≥–æ–∂–¥–∞–Ω–Ω–∞—è –ø–æ—Å—ã–ª–∫–∞

–ù–∞ –≤–∏–¥–µ–æ —Ä–∞–∑–Ω–æ—É—Ä–æ–≤–Ω–µ–≤–∞—è –∏–Ω—Ç–µ—Ä—å–µ—Ä–Ω–∞—è –∫–∞—Ä—Ç–∞ –º–∏—Ä–∞ Safari. –¢–æ–ª—å–∫–æ –ø–æ—Å–º–æ—Ç—Ä–∏—Ç–µ, –∫–∞–∫ –∏–¥–µ–∞–ª—å–Ω–æ –æ–Ω–∞ –≤–ø–∏—Å–∞–ª–∞—Å—å –≤ –∏–Ω—Ç–µ—Ä—å–µ—Ä –∫–≤–∞—Ä—Ç–∏—Ä—ã.
‚†Ä
–£–∑–Ω–∞—Ç—å —Ü–µ–Ω—É: vk.me/ga_den_ru?ref=mp_18&ref_source=mp",19,7331
–ó–∞–º–µ—Ä–∑—à–∏–µ –≤–æ–¥–æ–ø–∞–¥—ã –ö–∞–Ω–∞–¥—ã‚òÉ,126,4711
–ö–∞–Ω–∞–¥—Ü—ã –∏–º–µ—é—Ç –æ—Å–æ–±—É—é —Å—Ç—Ä–∞—Å—Ç—å –∫ —É–∫—Ä–∞—à–µ–Ω–∏—é –¥–æ–º–æ–≤ –Ω–∞ —Ä–æ–∂–¥–µ—Å—Ç–≤–æüéÑ ü™Ö –ê –≤—ã —É–∂–µ —É–∫—Ä–∞—Å–∏–ª–∏ —Å–≤–æ–π –¥–æ–º?,79,5610
"–ö–ê–ù–ê–î–ê –î–ê–õ–ê –°–ê–ù–¢–ê-–ö–õ–ê–£–°–£ –õ–ï–ì–ê–õ–¨–ù–û–ï –ì–†–ê–ñ–î–ê–ù–°–¢–í–û
–ö–∞–Ω–∞–¥—Å–∫–∏–µ —á–∏–Ω–æ–≤–Ω–∏–∫–∏ —Ö–æ—Ç—è—Ç –Ω–∞–ø–æ–º–Ω–∏—Ç—å –≤—Å–µ–º, —á—Ç–æ –°–∞–Ω—Ç–∞-–ö–ª–∞—É—Å –Ω–∞ —Å–∞–º–æ–º –¥–µ–ª–µ —è–≤–ª—è–µ—Ç—Å—è –≥—Ä–∞–∂–¥–∞–Ω–∏–Ω–æ–º –ö–∞–Ω–∞–¥—ã. –î–æ–º –°–∞–Ω—Ç—ã –Ω–∞ –°–µ–≤–µ—Ä–Ω–æ–º –ø–æ–ª—é—Å–µ –Ω–∞—Ö–æ–¥–∏—Ç—Å—è –Ω–∞ —Ç–µ—Ä—Ä–∏—Ç–æ—Ä–∏–∏ –º–µ–∂–¥—É –†–æ—Å—Å–∏–µ–π, –ù–æ—Ä–≤–µ–≥–∏–µ–π, –ö–∞–Ω–∞–¥–æ–π, –°–®–ê –∏ –î–∞–Ω–∏–µ–π. –û–¥–Ω–∞–∫–æ –ø–∞—Ä—É –ª–µ—Ç –Ω–∞–∑–∞–¥ –ö–∞–Ω–∞–¥–∞ –∑–∞—è–≤–∏–ª–∞ (–ø–æ —Ä—è–¥—É –ø—Ä–∏—á–∏–Ω), —á—Ç–æ –°–≤. –ù–∏–∫ –ø–æ –∑–∞–∫–æ–Ω—É —Å—á–∏—Ç–∞–µ—Ç—Å—è –∫–∞–Ω–∞–¥—Å–∫–∏–º. –û–Ω–∏ –¥–∞–∂–µ –≤—ã–¥–∞–ª–∏ –ø–∞—Å–ø–æ—Ä—Ç–∞ –°–∞–Ω—Ç–µ –∏ –µ–≥–æ –ø–∞—Ä—Ç–Ω–µ—Ä—à–µ –º–∏—Å—Å–∏—Å –ö–ª–∞—É—Å.",45,4320
"–°—Ä–æ—á–Ω–æ –∏—â–µ–º –∂–µ–ª–∞—é—â–∏—Ö —Å—Ç–∞—Ç—å —Ç—É—Ä–∞–≥–µ–Ω—Ç–æ–º!
(–º–æ–∂–Ω–æ –±–µ–∑ –æ–ø—ã—Ç–∞, –≤—Å–µ–º—É –Ω–∞—É—á–∏–º —Å–∞–º–∏)

–û–±—Ä–∞–∑–æ–≤–∞–Ω–∏–µ, –º–µ—Å—Ç–æ –∂–∏—Ç–µ–ª—å—Å—Ç–≤–∞, —Ç—Ä—É–¥–æ–≤–æ–π —Å—Ç–∞–∂ ‚Äî –Ω–µ –≤–∞–∂–Ω—ã. –ú–æ–∂–Ω–æ —Å–æ–≤–º–µ—â–∞—Ç—å —Å –æ—Å–Ω–æ–≤–Ω–æ–π —Ä–∞–±–æ—Ç–æ–π –∏–ª–∏ —Å –¥–µ–∫—Ä–µ—Ç–Ω—ã–º –æ—Ç–ø—É—Å–∫–æ–º.

–ù–∞ —á—Ç–æ –≤—ã –º–æ–∂–µ—Ç–µ —Ä–∞—Å—Å—á–∏—Ç—ã–≤–∞—Ç—å:
- –ø–æ–ª–Ω–æ—Å—Ç—å—é —É–¥–∞–ª–µ–Ω–Ω–∞—è —Ä–∞–±–æ—Ç–∞;
- –¥–æ—Å—Ç–æ–π–Ω–æ–µ –∑–ø;
- —Å—Ç–∞–±–∏–ª—å–Ω–∞—è –ø–æ–¥—Ä–∞–±–æ—Ç–∫–∞, –µ—Å–ª–∏ –Ω–µ —Ö–æ—Ç–∏—Ç–µ —É—Ö–æ–¥–∏—Ç—å —Å –æ—Å–Ω–æ–≤–Ω–æ–π —Ä–∞–±–æ—Ç—ã.

–ß—Ç–æ –Ω—É–∂–Ω–æ –¥–µ–ª–∞—Ç—å?

- –ü—Ä–æ–¥–∞–≤–∞—Ç—å —Ç—É—Ä—ã (–≤—Å–µ–º—É –Ω–∞—É—á—É).

–ß—Ç–æ –≤–∞–º –ø–æ—Ç—Ä–µ–±—É–µ—Ç—Å—è –¥–ª—è —ç—Ç–æ–≥–æ?

- –í—Ä–µ–º—è: –æ—Ç 2-—Ö —Å–≤–æ–±–æ–¥–Ω—ã—Ö —á–∞—Å–æ–≤ –≤ –¥–µ–Ω—å (—É—Ç—Ä–æ, –¥–µ–Ω—å –∏–ª–∏ –≤–µ—á–µ—Ä ‚Äî –≤—ã–±–∏—Ä–∞–µ—Ç–µ —Å–∞–º–∏).
- –û–±—ã—á–Ω—ã–π –∫–æ–º–ø—å—é—Ç–µ—Ä —Å –∏–Ω—Ç–µ—Ä–Ω–µ—Ç–æ–º(–ª–∏—à—å –±—ã —Ä–∞–±–æ—Ç–∞–ª).
- –ñ–µ–ª–∞–Ω–∏–µ —É—á–∏—Ç—å—Å—è, –≤–ø–∏—Ç—ã–≤–∞—Ç—å –∏–Ω—Ñ–æ—Ä–º–∞—Ü–∏—é.

–ù–µ –Ω—É–∂–Ω—ã –æ—Å–æ–±—ã–µ –∑–Ω–∞–Ω–∏—è, —Ç–∞–ª–∞–Ω—Ç—ã –∏–ª–∏ –ø—Ä–∏—Ä–æ–¥–Ω—ã–π –¥–∞—Ä.

–° —Ä–∞–±–æ—Ç–æ–π –≤–ø–æ–ª–Ω–µ —Å–ø—Ä–∞–≤–ª—è—é—Ç—Å—è –∏ –º–∞–º—ã –≤ –¥–µ–∫—Ä–µ—Ç–µ, –∏ –¥–∞–∂–µ –ø–µ–Ω—Å–∏–æ–Ω–µ—Ä–∫–∏, –Ω–µ –≥–æ–≤–æ—Ä—è —É–∂–µ –æ —Ç–µ—Ö, –∫—Ç–æ –ª—é–±–∏—Ç –º–Ω–æ–≥–æ —Ä–∞–±–æ—Ç–∞—Ç—å –∏ –¥–æ–±–∏–≤–∞—Ç—å—Å—è —Å–≤–æ–∏—Ö —Ü–µ–ª–µ–π.

–ó–∞ –ø–æ–ª –≥–æ–¥–∞ –≤–ø–æ–ª–Ω–µ —Ä–µ–∞–ª—å–Ω–æ –≤—ã—Ä–∞—Å—Ç–∏ –∏–∑ –Ω–æ–≤–∏—á–∫–∞ –≤ –ø—Ä–æ—Ñ–∏ –∏ –≤—ã—Ä–∞—Å—Ç–∏ –≤ –∑–ø.

–ß—Ç–æ–±—ã –ø–æ–Ω—è—Ç—å, –ø–æ–¥—Ö–æ–¥–∏—Ç –ª–∏ –≤–∞–º —É–¥–∞–ª–µ–Ω–Ω–∞—è –ø—Ä–æ—Ñ–µ—Å—Å–∏—è ¬´–¢—É—Ä–∞–≥–µ–Ω—Ç¬ª, —Ä–µ–≥–∏—Å—Ç—Ä–∏—Ä—É–π—Ç–µ—Å—å –Ω–∞ –±–µ—Å–ø–ª–∞—Ç–Ω—ã–π –≤–≤–æ–¥–Ω—ã–π —É—Ä–æ–∫:
https://via-tourism.school/veb1203?utm_source=vk&utm_medium=mrpm454

–ì–¥–µ –≤—ã —É–∑–Ω–∞–µ—Ç–µ:
- –∫–æ–º—É —Ç–æ—á–Ω–æ –ø–æ–¥—Ö–æ–¥–∏—Ç —ç—Ç–∞ –ø—Ä–æ—Ñ–µ—Å—Å–∏—è
- —Å —á–µ–≥–æ –Ω–∞—á–∞—Ç—å —Ä–∞–±–æ—Ç—É –∏ –≥–¥–µ –∏—Å–∫–∞—Ç—å –∫–ª–∏–µ–Ω—Ç–æ–≤, –ø—Ä–æ—Å—Ç–æ –∏ –ø–æ—à–∞–≥–æ–≤–æ —Å —Å–∞–º–æ–≥–æ –Ω–∞—á–∞–ª–∞
- –∫–∞–∫ —Ç—É—Ä–∞–≥–µ–Ω—Ç—É –ø—É—Ç–µ—à–µ—Å—Ç–≤–æ–≤–∞—Ç—å –ø–æ—á—Ç–∏ –±–µ—Å–ø–ª–∞—Ç–Ω–æ
- —Ç–æ–ª—å–∫–æ –∞–∫—Ç—É–∞–ª—å–Ω—É—é –∏–Ω—Ñ–æ—Ä–º–∞—Ü–∏—é ‚Äî —É—á–∏–º—Å—è —Ä–∞–±–æ—Ç–∞—Ç—å —Ç–∞–∫, –∫–∞–∫ —ç—Ç–æ –¥–µ–ª–∞—é—Ç —Å–µ–≥–æ–¥–Ω—è –∏ —Å–µ–π—á–∞—Å, –∞ –Ω–µ —Ç—Ä–∏ –≥–æ–¥–∞ –Ω–∞–∑–∞–¥.

–ü—Ä–∏–Ω–∏–º–∞–π—Ç–µ —Ä–µ—à–µ–Ω–∏–µ –ø—Ä—è–º–æ —Å–µ–π—á–∞—Å, –≤–µ–¥—å —ç—Ç–æ—Ç –ø–æ—Å—Ç –º–æ–∂–µ—Ç –±–æ–ª—å—à–µ –Ω–µ –ø–æ—è–≤–∏—Ç—å—Å—è –≤ –ª–µ–Ω—Ç–µ.

–ß—Ç–æ –Ω—É–∂–Ω–æ —Å–¥–µ–ª–∞—Ç—å —Å–µ–π—á–∞—Å:

–†–µ–≥–∏—Å—Ç—Ä–∏—Ä—É–π—Å—è –Ω–∞ –±–µ—Å–ø–ª–∞—Ç–Ω—ã–π —ç—Ñ–∏—Ä –∏ –ø–æ–ª—É—á–∏ –ø–æ–ª–µ–∑–Ω—ã–µ –∏–Ω—Å—Ç—Ä—É–º–µ–Ω—Ç—ã –≤ –ø–æ–¥–∞—Ä–æ–∫:
https://via-tourism.school/veb1203?utm_source=vk&utm_medium=mrpm454",20,6108
"–ó–≤–æ–Ω–æ–∫ –≤ –¥–≤–µ—Ä—å, –∫—É—Ä—å–µ—Ä, –∞ —Ç–∞–º - –¥–æ–ª–≥–æ–∂–¥–∞–Ω–Ω–∞—è –ø–æ—Å—ã–ª–∫–∞

–ù–∞ –≤–∏–¥–µ–æ —Ä–∞–∑–Ω–æ—É—Ä–æ–≤–Ω–µ–≤–∞—è –∏–Ω—Ç–µ—Ä—å–µ—Ä–Ω–∞—è –∫–∞—Ä—Ç–∞ –º–∏—Ä–∞ Safari. –¢–æ–ª—å–∫–æ –ø–æ—Å–º–æ—Ç—Ä–∏—Ç–µ, –∫–∞–∫ –∏–¥–µ–∞–ª—å–Ω–æ –æ–Ω–∞ –≤–ø–∏—Å–∞–ª–∞—Å—å –≤ –∏–Ω—Ç–µ—Ä—å–µ—Ä –∫–≤–∞—Ä—Ç–∏—Ä—ã.
‚†Ä
–£–∑–Ω–∞—Ç—å —Ü–µ–Ω—É: vk.me/ga_den_ru?ref=mp_18&ref_source=mp",12,6141
"Alberta, Canada in the winter",140,6026
–ü–µ—á–µ–Ω—å–µ —Å —à–æ–∫–æ–ª–∞–¥–Ω–æ–π –∫—Ä–æ—à–∫–æ–π ‚Äî –ª—é–±–∏–º–æ–µ –ø–µ—á–µ–Ω—å–µ –°–∞–Ω—Ç—ã –∏ —Å–∞–º–æ–µ –ø–æ–ø—É–ª—è—Ä–Ω–æ–µ –ø–µ—á–µ–Ω—å–µ –≤ –ö–∞–Ω–∞–¥–µ.,86,4334
"Average Canadian house price hits $816,720 ‚Äî up 20% in past year. –°—Ä–µ–¥–Ω—è—è —Ü–µ–Ω–∞ –¥–æ–º–∞ –≤ –ö–∞–Ω–∞–¥–µ –¥–æ—Å—Ç–∏–≥–ª–∞ $816 720, —á—Ç–æ –Ω–∞ 20% –±–æ–ª—å—à–µ, —á–µ–º –≤ –ø—Ä–æ—à–ª–æ–º –≥–æ–¥—É.",26,4688
"¬´15 —Ç—ã—Å—è—á –ø–µ–Ω—Å–∏—è, –Ω–∞ –ª–µ–∫–∞—Ä—Å—Ç–≤–∞ –Ω–∞–¥–æ 8, –Ω–∞ –∫–æ–º–º—É–Ω–∞–ª–∫—É –µ—â–µ 4... –ê –Ω–∞ —á—Ç–æ –ø–∏—Ç–∞—Ç—å—Å—è? –í–æ—Ç —Ç–∞–∫–∞—è —É –º–µ–Ω—è –±–µ–¥–∞...¬ª
–†–∞—Å—Å–∫–∞–∑—ã–≤–∞–µ—Ç –ù–∏–Ω–∞ –ü–µ—Ç—Ä–æ–≤–Ω–∞, –≤ –ø—Ä–æ—à–ª–æ–º –∏–Ω–∂–µ–Ω–µ—Ä-—Å–Ω–∞–±–∂–µ–Ω–µ—Ü –¥–∞–ª—å–Ω–µ–≤–æ—Å—Ç–æ—á–Ω–æ–≥–æ –ø–∞—Ä–æ—Ö–æ–¥—Å—Ç–≤–∞.

""–Ø —É–∂–µ –Ω–µ –∑–Ω–∞—é, –∫–∞–∫ –¥–æ–ª–≥–æ —è —Å–º–æ–≥—É –≤—ã–∂–∏–≤–∞—Ç—å –±–µ–∑ —ç—Ç–æ–≥–æ –ª–µ–∫–∞—Ä—Å—Ç–≤–∞. –ñ–∏–∑–Ω—å —Å—Ç–∞–Ω–æ–≤–∏—Ç—Å—è –Ω–µ–≤—ã–Ω–æ—Å–∏–º–æ–π.""
–ü–ª–∞—á–µ—Ç –≤ —Ç—Ä—É–±–∫—É –≤–µ—Ç–µ—Ä–∞–Ω —Ç—Ä—É–¥–∞ –í–ª–∞–¥–∏–º–∏—Ä –í–∞—Å–∏–ª—å–µ–≤–∏—á.

""–ö–æ–≥–¥–∞ —É –º–µ–Ω—è –±–æ–ª–∏—Ç, —è –ø—Ä–æ—Å—Ç–æ —Å–º–∏—Ä—è—é—Å—å –∏ –∂–¥—É, –∫–æ–≥–¥–∞ –≤—Å–µ —ç—Ç–æ –∑–∞–∫–æ–Ω—á–∏—Ç—Å—è."" –ü–∏–ª–∞–≥–µ—è –ü–µ–Ω—Ç–µ–ª–µ–µ–≤–Ω–∞ –¥–µ–ª–∏—Ç—Å—è —Å –Ω–∞–º–∏ —É–∫–ª–∞–¥–æ–º —Å–≤–æ–µ–π –∂–∏–∑–Ω–∏.

¬´–£ –º–µ–Ω—è –Ω–µ—Ç –±–ª–∏–∑–∫–∏—Ö –∏ —Ä–æ–¥–Ω—ã—Ö, —è –æ—Å—Ç–∞–ª–∞—Å—å –æ–¥–Ω–∞. –ü–æ—Ç–µ—Ä—è–ª–∞ –ï–¥–∏–Ω—Å—Ç–≤–µ–Ω–Ω—É—é –¥–æ—á—å. –ú–Ω–µ —Å—Ç—ã–¥–Ω–æ –ø—Ä–æ—Å–∏—Ç—å –º–∏–ª–æ—Å—Ç—ã–Ω—é, –ø–æ–º–æ–≥–∏—Ç–µ –ø–æ–∂–∞–ª—É–π—Å—Ç–∞¬ª. –ì–∞–ª–∏–Ω–∞ –ê–ª–µ–∫—Å–∞–Ω–¥—Ä–æ–≤–Ω–∞.

–ò —ç—Ç–æ –ª–∏—à—å –Ω–µ—Å–∫–æ–ª—å–∫–æ –∏—Å—Ç–æ—Ä–∏–π –æ–¥–∏–Ω–æ–∫–∏—Ö –±–∞–±—É—à–µ–∫ –∏ –¥–µ–¥—É—à–µ–∫, –∑–∞ –∫–æ—Ç–æ—Ä—ã–º–∏ –º—ã –ø—Ä–∏—Å–º–∞—Ç—Ä–∏–≤–∞–µ–º. –ë–ª–∞–≥–æ—Ç–≤–æ—Ä–∏—Ç–µ–ª—å–Ω—ã–π —Ñ–æ–Ω–¥ ¬´–î–æ–±—Ä—ã–π —Å–ª–æ–Ω¬ª –∑–∞–±–æ—Ç–∏—Ç—å—Å—è –æ–± –æ–¥–∏–Ω–æ–∫–∏—Ö –ø–æ–∂–∏–ª—ã—Ö –ª—é–¥—è—Ö –õ–µ–Ω–∏–Ω–≥—Ä–∞–¥—Å–∫–æ–π –æ–±–ª–∞—Å—Ç–∏. –ú—ã –¥–∞–µ–º —Å—Ç–∞—Ä–∏—á–∫–∞–º –Ω–∞–¥–µ–∂–¥—É –Ω–∞ –¥–æ—Å—Ç–æ–π–Ω—É—é —Å—Ç–∞—Ä–æ—Å—Ç—å, –∫–∞–∂–¥—ã–π –º–µ—Å—è—Ü –ø—Ä–∏–≤–æ–∑–∏–º –ø—Ä–æ–¥—É–∫—Ç—ã –∏ –ª–µ–∫–∞—Ä—Å—Ç–≤–∞ –ø—Ä—è–º–æ –≤ —Ä—É–∫–∏ –∫–∞–∂–¥–æ–º—É –Ω—É–∂–¥–∞—é—â–µ–º—É—Å—è –ø–µ–Ω—Å–∏–æ–Ω–µ—Ä—É. –°–µ–π—á–∞—Å –º—ã –Ω–∞—Ö–æ–¥–∏–º –≤—Å–µ –±–æ–ª—å—à–µ –ª—é–¥–µ–π. –¢—ã—Å—è—á–∏ –æ–¥–∏–Ω–æ–∫–∏—Ö –±–æ–ª—å–Ω—ã—Ö –ø–µ–Ω—Å–∏–æ–Ω–µ—Ä–æ–≤ –∂–∏–≤—É—Ç –≤ –Ω–∏—â–∏—Ç–µ –∏ –º–µ—á—Ç–∞—é—Ç, —á—Ç–æ –∫–æ–≥–¥–∞ –Ω–∏–±—É–¥—å –∫—Ç–æ-—Ç–æ –∑–∞–º–µ—Ç–∏—Ç –∏—Ö, –ø–æ–¥–¥–µ—Ä–∂–∏—Ç, –ø–æ–º–æ–∂–µ—Ç...

–ú—ã –æ—á–µ–Ω—å —Ö–æ—Ç–∏–º –ø–æ–º–æ—á—å –∏–º –≤—Å–µ–º! –ù–æ –±–µ–∑ –≤–∞—à–µ–≥–æ —É—á–∞—Å—Ç–∏—è –º—ã –Ω–µ —Å–º–æ–∂–µ–º –∫–∞–∂–¥—ã–π –º–µ—Å—è—Ü –ø–æ–∫—É–ø–∞—Ç—å —Å—Ç–æ–ª—å–∫–æ –ª–µ–∫–∞—Ä—Å—Ç–≤ –∏ –ø—Ä–æ–¥—É–∫—Ç–æ–≤.
 –ü–æ–∂–∞–ª—É–π—Å—Ç–∞, –ø–æ–º–æ–≥–∏—Ç–µ –∑–∞–∫—É–ø–∏—Ç—å –ø—Ä–æ–¥—É–∫—Ç–æ–≤—ã–µ –Ω–∞–±–æ—Ä—ã –¥–ª—è 820 –ø–µ–Ω—Å–∏–æ–Ω–µ—Ä–æ–≤ –õ–µ–Ω–∏–Ω–≥—Ä–∞–¥—Å–∫–æ–π –æ–±–ª–∞—Å—Ç–∏.
–°–¥–µ–ª–∞–π—Ç–µ –ø–æ–∂–µ—Ä—Ç–≤–æ–≤–∞–Ω–∏–µ –Ω–∞ —Å–∞–π—Ç–µ –±–ª–∞–≥–æ—Ç–≤–æ—Ä–∏—Ç–µ–ª—å–Ω–æ–≥–æ –ø—Ä–æ–µ–∫—Ç–∞ –∏–ª–∏ –æ—Ñ–æ—Ä–º–∏—Ç–µ –ø–æ–¥–ø–∏—Å–∫—É –Ω–∞ –µ–∂–µ–º–µ—Å—è—á–Ω—É—é –ø–æ–º–æ—â—å –ø—Ä–æ–µ–∫—Ç—É –∏ —Å—Ç–∞—Ä–∏–∫–∞–º.
–í—Å–µ–≥–¥–∞ –ø–æ–º–Ω–∏—Ç–µ! –î–∞–∂–µ 50 —Ä—É–±–ª–µ–π —ç—Ç–æ –º–Ω–æ–≥–æ ‚Äî –∫–æ–≥–¥–∞ –Ω–∞—Å –º–Ω–æ–≥–æ! –î–æ–±—Ä–æ –≤–µ—Ä–Ω–µ—Ç—Å—è –∫ –í–∞–º –∏ –≤–∞—à–∏–º –±–ª–∏–∑–∫–∏–º! 

–ü–æ–¥–∞—Ä–∏—Ç—å —Å—Ç–∞—Ä–∏—á–∫–∞–º –¥–æ—Å—Ç–æ–π–Ω—É—é —Å—Ç–∞—Ä–æ—Å—Ç—å ‚Äî https://pensioners-help.ru/?utm_source=vk&utm_medium=posev&utm_campaign=test_creo&utm_content=green&utm_term=t7_c16",9,5747
"–ó–≤–æ–Ω–æ–∫ –≤ –¥–≤–µ—Ä—å, –∫—É—Ä—å–µ—Ä, –∞ —Ç–∞–º - –¥–æ–ª–≥–æ–∂–¥–∞–Ω–Ω–∞—è –ø–æ—Å—ã–ª–∫–∞

–ù–∞ –≤–∏–¥–µ–æ —Ä–∞–∑–Ω–æ—É—Ä–æ–≤–Ω–µ–≤–∞—è –∏–Ω—Ç–µ—Ä—å–µ—Ä–Ω–∞—è –∫–∞—Ä—Ç–∞ –º–∏—Ä–∞ Safari. –¢–æ–ª—å–∫–æ –ø–æ—Å–º–æ—Ç—Ä–∏—Ç–µ, –∫–∞–∫ –∏–¥–µ–∞–ª—å–Ω–æ –æ–Ω–∞ –≤–ø–∏—Å–∞–ª–∞—Å—å –≤ –∏–Ω—Ç–µ—Ä—å–µ—Ä –∫–≤–∞—Ä—Ç–∏—Ä—ã.
‚†Ä
–£–∑–Ω–∞—Ç—å —Ü–µ–Ω—É: vk.me/ga_den_ru?ref=mp_18&ref_source=mp",8,6488
"–°–º–æ—Ç—Ä–∏—Ç–µ, –∫–∞–∫ –ø–æ —â–µ–ª—á–∫—É –ø–∞–ª—å—Ü–µ–≤ –ø—Ä–µ–æ–±—Ä–∞–∑–∏–ª–∞—Å—å –∫—É—Ö–Ω—è.

–ò–Ω—Ç–µ—Ä—å–µ—Ä–Ω–∞—è –∫–∞—Ä—Ç–∞ –º–∏—Ä–∞ –∏–∑ –¥–µ—Ä–µ–≤–∞ ‚Äî –∏–¥–µ–∞–ª—å–Ω–æ–µ —Ä–µ—à–µ–Ω–∏–µ –¥–ª—è –ø—É—Å—Ç—É—é—â–µ–π —Å—Ç–µ–Ω—ã.

–£–∑–Ω–∞—Ç—å —Ü–µ–Ω—É: vk.me/ga_den_ru?ref=mp_2&ref_source=mp",7,3498
"–ó–≤–æ–Ω–æ–∫ –≤ –¥–≤–µ—Ä—å, –∫—É—Ä—å–µ—Ä, –∞ —Ç–∞–º - –¥–æ–ª–≥–æ–∂–¥–∞–Ω–Ω–∞—è –ø–æ—Å—ã–ª–∫–∞

–ù–∞ –≤–∏–¥–µ–æ —Ä–∞–∑–Ω–æ—É—Ä–æ–≤–Ω–µ–≤–∞—è –∏–Ω—Ç–µ—Ä—å–µ—Ä–Ω–∞—è –∫–∞—Ä—Ç–∞ –º–∏—Ä–∞ Safari. –¢–æ–ª—å–∫–æ –ø–æ—Å–º–æ—Ç—Ä–∏—Ç–µ, –∫–∞–∫ –∏–¥–µ–∞–ª—å–Ω–æ –æ–Ω–∞ –≤–ø–∏—Å–∞–ª–∞—Å—å –≤ –∏–Ω—Ç–µ—Ä—å–µ—Ä –∫–≤–∞—Ä—Ç–∏—Ä—ã.
‚†Ä
–£–∑–Ω–∞—Ç—å —Ü–µ–Ω—É: vk.me/ga_den_ru?ref=mp_18&ref_source=mp",14,8036
The population of Toronto is over 2.8 million...,54,3514
"Drake (rapper), Keanu Reeves (actor) are from Canada. 
–î—Ä–µ–π–∫ (—Ä—ç–ø–µ—Ä), –ö–∏–∞–Ω—É –†–∏–≤–∑ (–∞–∫—Ç–µ—Ä) —Ä–æ–¥–æ–º –∏–∑ –ö–∞–Ω–∞–¥—ã. –ê –≤—ã –∑–Ω–∞–ª–∏ –æ–± —ç—Ç–æ–º?",58,8459
"–ö–∞–Ω–∞–¥—Å–∫–∏–µ –≥–æ—Ä–æ–¥–∞ —É–∂–µ –º–Ω–æ–≥–æ –ª–µ—Ç –∑–∞–Ω–∏–º–∞—é—Ç –≤–µ—Ä—Ö–Ω–∏–µ —Å—Ç—Ä–æ—á–∫–∏ –º–∏—Ä–æ–≤—ã—Ö —Ä–µ–π—Ç–∏–Ω–≥–æ–≤ –ø–æ –∫–∞—á–µ—Å—Ç–≤—É –∂–∏–∑–Ω–∏ –∏ –±–µ–∑–æ–ø–∞—Å–Ω–æ—Å—Ç–∏. –ö—Ä–æ–º–µ —Ç–æ–≥–æ, –±–µ–∑—Ä–∞–±–æ—Ç–∏—Ü–∞ –≤ —Å—Ç—Ä–∞–Ω–µ –Ω–∏–∑–∫–∞—è.",94,4918
"–°–¥–µ–ª–∞–µ–º —Ñ–æ—Ç–æ–∫—É–±–∏–∫ –∏–∑ 12 —Ñ–æ—Ç–æ–≥—Ä–∞—Ñ–∏–π —Ç–≤–æ–µ–π –ª—é–±–∏–º–æ–π. –¢—ã –Ω–∞–º –¥–∞–µ—à—å 12 –µ—ë —Ñ–æ—Ç–æ ‚Äî –º—ã —Å–æ–∑–¥–∞–µ–º —Ñ–æ—Ç–æ–∫—É–±–∏–∫.

–ü–æ–∫–∞–∂–∏ —Å–≤–æ–µ–π –∂–µ–Ω—â–∏–Ω–µ, —á—Ç–æ —Ç—ã –≥–æ—Ç–æ–≤ –∏ –º–æ–∂–µ—à—å —É–¥–∏–≤–ª—è—Ç—å –µ—ë –Ω–µ —Ç–æ–ª—å–∫–æ 8 –º–∞—Ä—Ç–∞.

–ó–∞–∫–∞–∑–∞—Ç—å —Å–æ —Å–∫–∏–¥–∫–æ–π 35% ‚Äî vk.me/fotokubik?ref=mk-sh7",6,5591
"Canada has the longest coastline in the world. 
–ö–∞–Ω–∞–¥–∞ –∏–º–µ–µ—Ç —Å–∞–º—É—é –¥–ª–∏–Ω–Ω—É—é –±–µ—Ä–µ–≥–æ–≤—É—é –ª–∏–Ω–∏—é –≤ –º–∏—Ä–µ.",67,4684
"–°–º–æ—Ç—Ä–∏—Ç–µ, –∫–∞–∫ –ø—Ä–µ–æ–±—Ä–∞–∑–∏–ª—Å—è –∏–Ω—Ç–µ—Ä—å–µ—Ä –∫–≤–∞—Ä—Ç–∏—Ä—ã

¬´–û–Ω–∞ —Ñ–∞–Ω—Ç–∞—Å—Ç–∏—á–µ—Å–∫–∞—è, —Ö–æ—á–µ—Ç—Å—è —Ä–∞–∑–≥–ª—è–¥—ã–≤–∞—Ç—å –∫–∞–∂–¥—É—é –¥–µ—Ç–∞–ª—å¬ª
–ò–º–µ–Ω–Ω–æ —Ç–∞–∫ –æ–ø–∏—Å–∞–ª–∞ —Å–≤–æ–∏ —ç–º–æ—Ü–∏–∏ –æ—Ç –∫–∞—Ä—Ç—ã –Ω–∞—à–∞ –ø–æ–∫—É–ø–∞—Ç–µ–ª—å–Ω–∏—Ü–∞ –∏ –ø—Ä–∏—Å–ª–∞–ª–∞ –≤–∏–¥–µ–æ. 

–ò–Ω—Ç–µ—Ä—å–µ—Ä–Ω–∞—è –∫–∞—Ä—Ç–∞ –º–∏—Ä–∞ –∏–∑ –¥–µ—Ä–µ–≤–∞ ‚Äî –∏–¥–µ–∞–ª—å–Ω–æ–µ —Ä–µ—à–µ–Ω–∏–µ –¥–ª—è –ø—É—Å—Ç—É—é—â–µ–π —Å—Ç–µ–Ω—ã. 

–£–∑–Ω–∞—Ç—å —Ü–µ–Ω—É: vk.me/ga_den_ru?ref=mp_12&ref_source=mp",16,6091
"Vancouver, Canada",333,9868
–ú–∏–ª–∞—à–∫–∞‚ò∫Ô∏è,137,7690
"–ù–∞—Ä–∏—Å—É–µ–º —Ç–≤–æ—é –∂–µ–Ω—É –Ω–∞ —Ö–æ–ª—Å—Ç–µ. –¢—ã –Ω–∞–º –¥–∞–µ—à—å –µ–µ —Ñ–æ—Ç–æ, –º—ã —Ä–∏—Å—É–µ–º.

–ü–æ–∫–∞–∂–∏ —Å–≤–æ–µ–π –∂–µ–Ω—â–∏–Ω–µ, —á—Ç–æ —Ç—ã –≥–æ—Ç–æ–≤ –∏ –º–æ–∂–µ—à—å —É–¥–∏–≤–ª—è—Ç—å –µ–µ –Ω–µ —Ç–æ–ª—å–∫–æ –Ω–∞ 8 –ú–∞—Ä—Ç–∞. –ó–∞–∫–∞–∂–∏ —Ä–æ–º–∞–Ω—Ç–∏—á–Ω—ã–π –∏ –Ω–µ–∂–Ω—ã–π –ø–æ—Ä—Ç—Ä–µ—Ç —Å–≤–æ–µ–π –ª—é–±–∏–º–æ–π, —á—Ç–æ–±—ã –æ–Ω–∞ —É–≤–∏–¥–µ–ª–∞, –∫–∞–∫–æ–π –∫—Ä–∞—Å–∏–≤–æ–π —Ç—ã –µ–µ –≤–∏–¥–∏—à—å

–ò —Å–∞–º–∞—è, —Å–ø—Ä–∞–≤–µ–¥–ª–∏–≤–∞—è –≥–∞—Ä–∞–Ω—Ç–∏—è: –æ–±–µ—â–∞–µ–º –≤–∞—É-—ç—Ñ—Ñ–µ–∫—Ç –∏–ª–∏ –≤–µ—Ä–Ω–µ–º –¥–µ–Ω—å–≥–∏!

–ü–µ—Ä–µ—Ö–æ–¥–∏ –ø–æ —Å—Å—ã–ª–∫–µ, —á—Ç–æ–±—ã —Ä–∞—Å—Å—á–∏—Ç–∞—Ç—å —Å—Ç–æ–∏–º–æ—Å—Ç—å –ø–æ—Ä—Ç—Ä–µ—Ç–∞ –∑–∞ 1 –º–∏–Ω—É—Ç—É: https://vk.me/podarok.monro?ref=anton_post512",6,7097
"Poutine
Poutine is a beautiful main dish, snack, or side dish from Canada. It's so popular in Canada that it even got its place in Mcdonald's. It's made of three components: fries, cheese and gravy. 
–ü—É—Ç–∏'–Ω ‚Äî –ø—Ä–µ–∫—Ä–∞—Å–Ω–æ–µ –æ—Å–Ω–æ–≤–Ω–æ–µ –±–ª—é–¥–æ, –∑–∞–∫—É—Å–∫–∞ –∏–ª–∏ –≥–∞—Ä–Ω–∏—Ä –∏–∑ –ö–∞–Ω–∞–¥—ã. –í –ö–∞–Ω–∞–¥–µ –æ–Ω–æ –Ω–∞—Å—Ç–æ–ª—å–∫–æ –ø–æ–ø—É–ª—è—Ä–Ω–æ, —á—Ç–æ –¥–∞–∂–µ –∑–∞–Ω—è–ª–æ —Å–≤–æ–µ –º–µ—Å—Ç–æ –≤ –ú–∞–∫–¥–æ–Ω–∞–ª—å–¥—Å–µ. –û–Ω —Å–æ—Å—Ç–æ–∏—Ç –∏–∑ —Ç—Ä–µ—Ö –∫–æ–º–ø–æ–Ω–µ–Ω—Ç–æ–≤: –∫–∞—Ä—Ç–æ—Ñ–µ–ª—è —Ñ—Ä–∏, —Å—ã—Ä–∞ –∏ —Å–æ—É—Å–∞.",22,4329
"–°–º–æ—Ç—Ä–∏—Ç–µ, –∫–∞–∫ –ø—Ä–µ–æ–±—Ä–∞–∑–∏–ª—Å—è –∏–Ω—Ç–µ—Ä—å–µ—Ä –∫–≤–∞—Ä—Ç–∏—Ä—ã

¬´–û–Ω–∞ —Ñ–∞–Ω—Ç–∞—Å—Ç–∏—á–µ—Å–∫–∞—è, —Ö–æ—á–µ—Ç—Å—è —Ä–∞–∑–≥–ª—è–¥—ã–≤–∞—Ç—å –∫–∞–∂–¥—É—é –¥–µ—Ç–∞–ª—å¬ª
–ò–º–µ–Ω–Ω–æ —Ç–∞–∫ –æ–ø–∏—Å–∞–ª–∞ —Å–≤–æ–∏ —ç–º–æ—Ü–∏–∏ –æ—Ç –∫–∞—Ä—Ç—ã –Ω–∞—à–∞ –ø–æ–∫—É–ø–∞—Ç–µ–ª—å–Ω–∏—Ü–∞ –∏ –ø—Ä–∏—Å–ª–∞–ª–∞ –≤–∏–¥–µ–æ. 

–ò–Ω—Ç–µ—Ä—å–µ—Ä–Ω–∞—è –∫–∞—Ä—Ç–∞ –º–∏—Ä–∞ –∏–∑ –¥–µ—Ä–µ–≤–∞ ‚Äî –∏–¥–µ–∞–ª—å–Ω–æ–µ —Ä–µ—à–µ–Ω–∏–µ –¥–ª—è –ø—É—Å—Ç—É—é—â–µ–π —Å—Ç–µ–Ω—ã. 

–£–∑–Ω–∞—Ç—å —Ü–µ–Ω—É: vk.me/ga_den_ru?ref=mp_12&ref_source=mp",26,8248
81 –ø—Ä–æ—Ü–µ–Ω—Ç –≤—Å–µ–≥–æ –Ω–∞—Å–µ–ª–µ–Ω–∏—è –ö–∞–Ω–∞–¥—ã –ø—Ä–æ–∂–∏–≤–∞–µ—Ç –≤ –≥–æ—Ä–æ–¥–∞—Ö. –ê –≥–¥–µ –±—ã –≤—ã —Ö–æ—Ç–µ–ª–∏ –∂–∏—Ç—å?,94,4809
"–°–º–æ—Ç—Ä–∏—Ç–µ, –∫–∞–∫ –ø—Ä–µ–æ–±—Ä–∞–∑–∏–ª—Å—è –∏–Ω—Ç–µ—Ä—å–µ—Ä –∫–≤–∞—Ä—Ç–∏—Ä—ã

¬´–û–Ω–∞ —Ñ–∞–Ω—Ç–∞—Å—Ç–∏—á–µ—Å–∫–∞—è, —Ö–æ—á–µ—Ç—Å—è —Ä–∞–∑–≥–ª—è–¥—ã–≤–∞—Ç—å –∫–∞–∂–¥—É—é –¥–µ—Ç–∞–ª—å¬ª
–ò–º–µ–Ω–Ω–æ —Ç–∞–∫ –æ–ø–∏—Å–∞–ª–∞ —Å–≤–æ–∏ —ç–º–æ—Ü–∏–∏ –æ—Ç –∫–∞—Ä—Ç—ã –Ω–∞—à–∞ –ø–æ–∫—É–ø–∞—Ç–µ–ª—å–Ω–∏—Ü–∞ –∏ –ø—Ä–∏—Å–ª–∞–ª–∞ –≤–∏–¥–µ–æ. 

–ò–Ω—Ç–µ—Ä—å–µ—Ä–Ω–∞—è –∫–∞—Ä—Ç–∞ –º–∏—Ä–∞ –∏–∑ –¥–µ—Ä–µ–≤–∞ ‚Äî –∏–¥–µ–∞–ª—å–Ω–æ–µ —Ä–µ—à–µ–Ω–∏–µ –¥–ª—è –ø—É—Å—Ç—É—é—â–µ–π —Å—Ç–µ–Ω—ã. 

–£–∑–Ω–∞—Ç—å —Ü–µ–Ω—É: vk.me/ga_den_ru?ref=mp_12&ref_source=mp",20,10343
WOW!,226,9390
University of Toronto-–ª—É—á—à–∏–π —É–Ω–∏–≤–µ—Ä—Å–∏—Ç–µ—Ç –ö–∞–Ω–∞–¥—ã. –û–Ω —Ç–∞–∫–∂–µ —è–≤–ª—è–µ—Ç—Å—è –æ–¥–Ω–∏–º –∏–∑ –ª—É—á—à–∏—Ö –Ω–∞—É—á–Ω–æ-–∏—Å—Å–ª–µ–¥–æ–≤–∞—Ç–µ–ª—å—Å–∫–∏—Ö —É–Ω–∏–≤–µ—Ä—Å–∏—Ç–µ—Ç–æ–≤ –º–∏—Ä–∞.,104,5066
"–ù–∞—Ä–∏—Å—É–µ–º —Ç–≤–æ—é –∂–µ–Ω—É –Ω–∞ —Ö–æ–ª—Å—Ç–µ. –¢—ã –Ω–∞–º –¥–∞–µ—à—å –µ–µ —Ñ–æ—Ç–æ, –º—ã —Ä–∏—Å—É–µ–º.

–ü–æ–∫–∞–∂–∏ —Å–≤–æ–µ–π –∂–µ–Ω—â–∏–Ω–µ, —á—Ç–æ —Ç—ã –≥–æ—Ç–æ–≤ –∏ –º–æ–∂–µ—à—å —É–¥–∏–≤–ª—è—Ç—å –µ–µ –Ω–µ —Ç–æ–ª—å–∫–æ –Ω–∞ 8 –ú–∞—Ä—Ç–∞. –ó–∞–∫–∞–∂–∏ —Ä–æ–º–∞–Ω—Ç–∏—á–Ω—ã–π –∏ –Ω–µ–∂–Ω—ã–π –ø–æ—Ä—Ç—Ä–µ—Ç —Å–≤–æ–µ–π –ª—é–±–∏–º–æ–π, —á—Ç–æ–±—ã –æ–Ω–∞ —É–≤–∏–¥–µ–ª–∞, –∫–∞–∫–æ–π –∫—Ä–∞—Å–∏–≤–æ–π —Ç—ã –µ–µ –≤–∏–¥–∏—à—å

–ò —Å–∞–º–∞—è, —Å–ø—Ä–∞–≤–µ–¥–ª–∏–≤–∞—è –≥–∞—Ä–∞–Ω—Ç–∏—è: –æ–±–µ—â–∞–µ–º –≤–∞—É-—ç—Ñ—Ñ–µ–∫—Ç –∏–ª–∏ –≤–µ—Ä–Ω–µ–º –¥–µ–Ω—å–≥–∏!

–ü–µ—Ä–µ—Ö–æ–¥–∏ –ø–æ —Å—Å—ã–ª–∫–µ, —á—Ç–æ–±—ã —Ä–∞—Å—Å—á–∏—Ç–∞—Ç—å —Å—Ç–æ–∏–º–æ—Å—Ç—å –ø–æ—Ä—Ç—Ä–µ—Ç–∞ –∑–∞ 1 –º–∏–Ω—É—Ç—É: https://vk.me/podarok.monro?ref=anton_post512",12,8224
üòä,109,4624
"–ò–∑–≥–æ—Ç–∞–≤–ª–∏–≤–∞–µ–º –î–æ—Å–∫–∏ –°–∞–¥—Ö—É –¥–ª—è –ª—é–¥–µ–π, –∫–æ—Ç–æ—Ä—ã–µ —Ö–æ—Ç—è—Ç –Ω–∞—É—á–∏—Ç—å—Å—è —É–ø—Ä–∞–≤–ª—è—Ç—å —Å–≤–æ–∏–º–∏ —ç–º–æ—Ü–∏—è–º–∏.

–£–∑–Ω–∞—Ç—å —Ü–µ–Ω—ã:

https://vk.me/prostogvozdi?ref=ML_1.2.6",7,6251
"–°—Ä–æ—á–Ω–æ –∏—â–µ–º –∂–µ–ª–∞—é—â–∏—Ö —Å—Ç–∞—Ç—å —Ç—É—Ä–∞–≥–µ–Ω—Ç–æ–º!
(–º–æ–∂–Ω–æ –±–µ–∑ –æ–ø—ã—Ç–∞, –≤—Å–µ–º—É –Ω–∞—É—á–∏–º —Å–∞–º–∏)

–û–±—Ä–∞–∑–æ–≤–∞–Ω–∏–µ, –º–µ—Å—Ç–æ –∂–∏—Ç–µ–ª—å—Å—Ç–≤–∞, —Ç—Ä—É–¥–æ–≤–æ–π —Å—Ç–∞–∂ ‚Äî –Ω–µ –≤–∞–∂–Ω—ã. –ú–æ–∂–Ω–æ —Å–æ–≤–º–µ—â–∞—Ç—å —Å –æ—Å–Ω–æ–≤–Ω–æ–π —Ä–∞–±–æ—Ç–æ–π –∏–ª–∏ —Å –¥–µ–∫—Ä–µ—Ç–Ω—ã–º –æ—Ç–ø—É—Å–∫–æ–º.

–ù–∞ —á—Ç–æ –≤—ã –º–æ–∂–µ—Ç–µ —Ä–∞—Å—Å—á–∏—Ç—ã–≤–∞—Ç—å:
- –ø–æ–ª–Ω–æ—Å—Ç—å—é —É–¥–∞–ª–µ–Ω–Ω–∞—è —Ä–∞–±–æ—Ç–∞;
- –¥–æ—Å—Ç–æ–π–Ω–æ–µ –∑–ø;
- —Å—Ç–∞–±–∏–ª—å–Ω–∞—è –ø–æ–¥—Ä–∞–±–æ—Ç–∫–∞, –µ—Å–ª–∏ –Ω–µ —Ö–æ—Ç–∏—Ç–µ —É—Ö–æ–¥–∏—Ç—å —Å –æ—Å–Ω–æ–≤–Ω–æ–π —Ä–∞–±–æ—Ç—ã.

–ß—Ç–æ –Ω—É–∂–Ω–æ –¥–µ–ª–∞—Ç—å?

- –ü—Ä–æ–¥–∞–≤–∞—Ç—å —Ç—É—Ä—ã (–≤—Å–µ–º—É –Ω–∞—É—á—É).

–ß—Ç–æ –≤–∞–º –ø–æ—Ç—Ä–µ–±—É–µ—Ç—Å—è –¥–ª—è —ç—Ç–æ–≥–æ?

- –í—Ä–µ–º—è: –æ—Ç 2-—Ö —Å–≤–æ–±–æ–¥–Ω—ã—Ö —á–∞—Å–æ–≤ –≤ –¥–µ–Ω—å (—É—Ç—Ä–æ, –¥–µ–Ω—å –∏–ª–∏ –≤–µ—á–µ—Ä ‚Äî –≤—ã–±–∏—Ä–∞–µ—Ç–µ —Å–∞–º–∏).
- –û–±—ã—á–Ω—ã–π –∫–æ–º–ø—å—é—Ç–µ—Ä —Å –∏–Ω—Ç–µ—Ä–Ω–µ—Ç–æ–º(–ª–∏—à—å –±—ã —Ä–∞–±–æ—Ç–∞–ª).
- –ñ–µ–ª–∞–Ω–∏–µ —É—á–∏—Ç—å—Å—è, –≤–ø–∏—Ç—ã–≤–∞—Ç—å –∏–Ω—Ñ–æ—Ä–º–∞—Ü–∏—é.

–ù–µ –Ω—É–∂–Ω—ã –æ—Å–æ–±—ã–µ –∑–Ω–∞–Ω–∏—è, —Ç–∞–ª–∞–Ω—Ç—ã –∏–ª–∏ –ø—Ä–∏—Ä–æ–¥–Ω—ã–π –¥–∞—Ä.

–° —Ä–∞–±–æ—Ç–æ–π –≤–ø–æ–ª–Ω–µ —Å–ø—Ä–∞–≤–ª—è—é—Ç—Å—è –∏ –º–∞–º—ã –≤ –¥–µ–∫—Ä–µ—Ç–µ, –∏ –¥–∞–∂–µ –ø–µ–Ω—Å–∏–æ–Ω–µ—Ä–∫–∏, –Ω–µ –≥–æ–≤–æ—Ä—è —É–∂–µ –æ —Ç–µ—Ö, –∫—Ç–æ –ª—é–±–∏—Ç –≤–ø–∞—Ö–∏–≤–∞—Ç—å –∏ –¥–æ–±–∏–≤–∞—Ç—å—Å—è —Å–≤–æ–∏—Ö —Ü–µ–ª–µ–π.

–ó–∞ –ø–æ–ª –≥–æ–¥–∞ –≤–ø–æ–ª–Ω–µ —Ä–µ–∞–ª—å–Ω–æ –≤—ã—Ä–∞—Å—Ç–∏ –∏–∑ –Ω–æ–≤–∏—á–∫–∞ –≤ –ø—Ä–æ—Ñ–∏ –∏ –≤—ã—Ä–∞—Å—Ç–∏ –≤ –∑–ø.

–ß—Ç–æ–±—ã –ø–æ–Ω—è—Ç—å, –ø–æ–¥—Ö–æ–¥–∏—Ç –ª–∏ –≤–∞–º —É–¥–∞–ª–µ–Ω–Ω–∞—è –ø—Ä–æ—Ñ–µ—Å—Å–∏—è ¬´–¢—É—Ä–∞–≥–µ–Ω—Ç¬ª, —Ä–µ–≥–∏—Å—Ç—Ä–∏—Ä—É–π—Ç–µ—Å—å –Ω–∞ –±–µ—Å–ø–ª–∞—Ç–Ω—ã–π –≤–≤–æ–¥–Ω—ã–π –≤–µ–±–∏–Ω–∞—Ä:
https://via-tourism.school/veb1203?utm_source=vk&utm_medium=mrpm369

–ì–¥–µ –≤—ã —É–∑–Ω–∞–µ—Ç–µ:
- –∫–æ–º—É —Ç–æ—á–Ω–æ –ø–æ–¥—Ö–æ–¥–∏—Ç —ç—Ç–∞ –ø—Ä–æ—Ñ–µ—Å—Å–∏—è
- —Å —á–µ–≥–æ –Ω–∞—á–∞—Ç—å —Ä–∞–±–æ—Ç—É –∏ –≥–¥–µ –∏—Å–∫–∞—Ç—å –∫–ª–∏–µ–Ω—Ç–æ–≤, –ø—Ä–æ—Å—Ç–æ –∏ –ø–æ—à–∞–≥–æ–≤–æ —Å —Å–∞–º–æ–≥–æ –Ω–∞—á–∞–ª–∞
- –∫–∞–∫ —Ç—É—Ä–∞–≥–µ–Ω—Ç—É –ø—É—Ç–µ—à–µ—Å—Ç–≤–æ–≤–∞—Ç—å –ø–æ—á—Ç–∏ –±–µ—Å–ø–ª–∞—Ç–Ω–æ
- —Ç–æ–ª—å–∫–æ –∞–∫—Ç—É–∞–ª—å–Ω—É—é –∏–Ω—Ñ–æ—Ä–º–∞—Ü–∏—é ‚Äî —É—á–∏–º—Å—è —Ä–∞–±–æ—Ç–∞—Ç—å —Ç–∞–∫, –∫–∞–∫ —ç—Ç–æ –¥–µ–ª–∞—é—Ç —Å–µ–≥–æ–¥–Ω—è –∏ —Å–µ–π—á–∞—Å, –∞ –Ω–µ —Ç—Ä–∏ –≥–æ–¥–∞ –Ω–∞–∑–∞–¥.

–ü—Ä–∏–Ω–∏–º–∞–π—Ç–µ —Ä–µ—à–µ–Ω–∏–µ –ø—Ä—è–º–æ —Å–µ–π—á–∞—Å, –≤–µ–¥—å —ç—Ç–æ—Ç –ø–æ—Å—Ç –º–æ–∂–µ—Ç –±–æ–ª—å—à–µ –Ω–µ –ø–æ—è–≤–∏—Ç—å—Å—è –≤ –ª–µ–Ω—Ç–µ.

–ß—Ç–æ –Ω—É–∂–Ω–æ —Å–¥–µ–ª–∞—Ç—å —Å–µ–π—á–∞—Å:

–†–µ–≥–∏—Å—Ç—Ä–∏—Ä—É–π—Å—è –Ω–∞ –±–µ—Å–ø–ª–∞—Ç–Ω—ã–π —ç—Ñ–∏—Ä –∏ –ø–æ–ª—É—á–∏ –ø–æ–ª–µ–∑–Ω—ã–µ –∏–Ω—Å—Ç—Ä—É–º–µ–Ω—Ç—ã –≤ –ø–æ–¥–∞—Ä–æ–∫:
https://via-tourism.school/veb1203?utm_source=vk&utm_medium=mrpm369",25,8252
Happy Halloween!üéÉ,69,3983
"Eggnog-traditional Christmas drink in Canada. Eggnog is traditionally made with eggs, egg yolk, sugar, milk, heavy cream and vanilla extract. 
–≠–≥–≥-–Ω–æ–≥ ‚Äî —Ç—Ä–∞–¥–∏—Ü–∏–æ–Ω–Ω—ã–π —Ä–æ–∂–¥–µ—Å—Ç–≤–µ–Ω—Å–∫–∏–π –Ω–∞–ø–∏—Ç–æ–∫ –≤ –ö–∞–Ω–∞–¥–µ. –≠–≥–≥-–Ω–æ–≥ —Ç—Ä–∞–¥–∏—Ü–∏–æ–Ω–Ω–æ –≥–æ—Ç–æ–≤—è—Ç –∏–∑ —è–∏—Ü, —è–∏—á–Ω–æ–≥–æ –∂–µ–ª—Ç–∫–∞, —Å–∞—Ö–∞—Ä–∞, –º–æ–ª–æ–∫–∞, –∂–∏—Ä–Ω—ã—Ö —Å–ª–∏–≤–æ–∫ –∏ –≤–∞–Ω–∏–ª—å–Ω–æ–≥–æ —ç–∫—Å—Ç—Ä–∞–∫—Ç–∞. –≠—Ç–æ—Ç –Ω–∞–ø–∏—Ç–æ–∫ –º–æ–∂–µ—Ç –±—ã—Ç—å –∞–ª–∫–æ–≥–æ–ª—å–Ω—ã–π.",46,2827
"Canada's first/oldest national park - Banff National Park, –•–æ—Ç–µ–ª–∏ –±—ã –ø–æ–±—ã–≤–∞—Ç—å —Ç–∞–º?",103,7334
"–°—Ä–æ–∫–∏ –≥–æ—Ä—è—Ç. –ù—É–∂–Ω–æ —Å–≤–æ–±–æ–¥–Ω–æ –≤–ª–∞–¥–µ—Ç—å –Ω–æ–≤—ã–º —è–∑—ã–∫–æ–º?

–û–¥–Ω–∞–∂–¥—ã —è —É—á–∞—Å—Ç–≤–æ–≤–∞–ª–∞ –≤ —Å–æ—Ä–µ–≤–Ω–æ–≤–∞–Ω–∏—è—Ö –ø–æ –ø–∞–º—è—Ç–∏. –ò –∑–∞ 8 —á–∞—Å–æ–≤ –≤—ã—É—á–∏–ª–∞ 1 000 –Ω–µ–∑–Ω–∞–∫–æ–º—ã—Ö –¥–ª—è –º–µ–Ω—è –∏–Ω–æ—Å—Ç—Ä–∞–Ω–Ω—ã—Ö —Å–ª–æ–≤. –ö–æ–º–∏—Å—Å–∏—è –ø–æ–¥—Ç–≤–µ—Ä–¥–∏–ª–∞ —ç—Ç–æ—Ç —Ñ–∞–∫—Ç.

–° —Ç–µ—Ö –ø–æ—Ä –ø—Ä–æ—à–ª–æ –º–Ω–æ–≥–æ –≤—Ä–µ–º–µ–Ω–∏. –ù–æ –º–µ–Ω—è —Ö–æ—Ç—å –Ω–æ—á—å—é —Ä–∞–∑–±—É–¥–∏, —è –≤–æ—Å–ø—Ä–æ–∏–∑–≤–µ–¥—É –ª—é–±–æ–µ –∏–∑ —Å–ª–æ–≤, –≤ —Ö–∞–æ—Ç–∏—á–Ω–æ–º, –Ω–µ–æ–±—Ö–æ–¥–∏–º–æ–º –ø–æ—Ä—è–¥–∫–µ.

–ö–∞–∫ —Ç–∞–∫–æ–µ –≤–æ–∑–º–æ–∂–Ω–æ? –ü–æ—á–µ–º—É –æ–Ω–∏ –∑—É–±—Ä—è—Ç –≥–æ–¥–∞–º–∏, –Ω–æ –Ω–µ –≤–æ—Å–ø—Ä–æ–∏–∑–≤–µ–¥—É—Ç –∏ 200 —Å–ª–æ–≤, –∞ –¥—Ä—É–≥–∏–º –¥–æ—Å—Ç–∞—Ç–æ—á–Ω–æ 1 –Ω–µ–ø–æ–ª–Ω–æ–≥–æ –¥–Ω—è?

–î–ª—è —Ç–æ–≥–æ, —á—Ç–æ–±—ã –≤—ã—É—á–∏—Ç—å –Ω–æ–≤—ã–π —è–∑—ã–∫, –Ω–µ –Ω—É–∂–Ω–æ –∑—É–±—Ä–∏—Ç—å —Å–∞–º —è–∑—ã–∫!

–í—ã –∂–µ –Ω–µ —É—á–∏–ª–∏—Å—å –≥–æ–≤–æ—Ä–∏—Ç—å –Ω–∞ —Ä—É—Å—Å–∫–æ–º? –£—Å–ª—ã—à–∞–ª–∏, –º–æ–º–µ–Ω—Ç–∞–ª—å–Ω–æ –∑–∞–ø–æ–º–Ω–∏–ª–∏ –∏ –Ω–∞—á–∞–ª–∏ –ø—Ä–∏–º–µ–Ω—è—Ç—å. –° –∏–Ω–æ—Å—Ç—Ä–∞–Ω–Ω—ã–º ‚Äì —Ç–∞ –∂–µ –∏—Å—Ç–æ—Ä–∏—è.

–ü—Ä–æ–±–ª–µ–º–∞ –Ω–µ –≤ —è–∑—ã–∫–µ, –∞ –≤ –ø–∞–º—è—Ç–∏, –∫–æ—Ç–æ—Ä–∞—è –±–ª–æ–∫–∏—Ä—É–µ—Ç –ø—Ä–∏–Ω—è—Ç–∏–µ –Ω–æ–≤–æ–π –∏–Ω—Ñ–æ—Ä–º–∞—Ü–∏–∏.

–û—Ç–∫–∞–∑—ã–≤–∞–µ—Ç—Å—è –º–æ–∑–≥ –≤–ø–∏—Ç—ã–≤–∞—Ç—å, –∫–∞–∫ –≥—É–±–∫–∞, –Ω–æ–≤—ã–µ –¥–ª—è –Ω–µ–≥–æ —Å–ª–æ–≤–∞, —Ñ–æ—Ä–º—É–ª—ã, –∞–ª–≥–æ—Ä–∏—Ç–º—ã –≤—Ä–µ–º–µ–Ω–∏?

–ü–æ—ç—Ç–æ–º—É –≤—ã –∑—É–±—Ä–∏—Ç–µ, –ø–æ–≤—Ç–æ—Ä—è–µ—Ç–µ –±–µ—Å–∫–æ–Ω–µ—á–Ω–æ, –º–Ω–æ–≥–æ, –¥–æ–ª–≥–æ. –ê –∑–∞–ø–æ–º–∏–Ω–∞–µ—Ç—Å—è –º–∏–Ω–∏–º—É–º –∏–Ω—Ñ–æ—Ä–º–∞—Ü–∏–∏.

–ö–∞–∫ —ç—Ç–æ –∏—Å–ø—Ä–∞–≤–∏—Ç—å?

–†–∞–±–æ—Ç–∞—Ç—å –Ω–µ —Å —è–∑—ã–∫–æ–º, –∞ —Å–æ —Å–≤–æ–µ–π –ø–∞–º—è—Ç—å—é.

–ß—Ç–æ –±—É–¥–µ—Ç –ø–æ—Å–ª–µ –ø—Ä–æ—Ä–∞–±–æ—Ç–∫–∏ –º–æ–∑–≥–æ–≤–æ–π –∞–∫—Ç–∏–≤–Ω–æ—Å—Ç–∏?

- –í—ã –Ω–∞—á–Ω–µ—Ç–µ –º–æ–º–µ–Ω—Ç–∞–ª—å–Ω–æ –∑–∞–ø–æ–º–∏–Ω–∞—Ç—å –Ω–æ–≤—É—é –∏–Ω—Ñ–æ—Ä–º–∞—Ü–∏—é.
- –ò–∑–±–∞–≤–∏—Ç–µ—Å—å –æ—Ç –∑—É–±—Ä–µ–Ω–∏—è.
- –°–º–æ–∂–µ—Ç–µ –ª–µ–≥–∫–æ, –∫–æ–º—Ñ–æ—Ä—Ç–Ω–æ –ø—Ä–∏–Ω–∏–º–∞—Ç—å –Ω–æ–≤–æ–µ –∏ —Ç—É—Ç –∂–µ –≤–æ—Å–ø—Ä–æ–∏–∑–≤–æ–¥–∏—Ç—å.
- –ó–∞–ø–æ–º–∏–Ω–∞—Ç—å –±—É–¥–µ—Ç–µ –Ω–µ –Ω–∞ –∫–æ—Ä–æ—Ç–∫–∏–π –ø—Ä–æ–º–µ–∂—É—Ç–æ–∫ –≤—Ä–µ–º–µ–Ω–∏, –∞ –Ω–∞ –≤—Å—é –∂–∏–∑–Ω—å.
- –ü–µ—Ä–µ–Ω–µ—Å–µ—Ç–µ –Ω–æ–≤—ã–µ –∑–Ω–∞–Ω–∏—è –Ω–∞ –≤—Å–µ —Å—Ñ–µ—Ä—ã —Å–≤–æ–µ–π –∂–∏–∑–Ω–∏. –≠—Ç–æ –ø–æ–∑–≤–æ–ª–∏—Ç –ø–æ–≤—ã—Å–∏—Ç—å —Å–≤–æ—é —ç—Ñ—Ñ–µ–∫—Ç–∏–≤–Ω–æ—Å—Ç—å –≤ —Ä–∞–±–æ—Ç–µ, —É—á–µ–±–µ, –¥–æ—Å—Ç–∏–∂–µ–Ω–∏–∏ –Ω–æ–≤–æ–≥–æ.
- –°–º–æ–∂–µ—Ç–µ –±—ã—Å—Ç—Ä–æ –æ—Å–≤–æ–∏—Ç—å—Å—è –≤ –Ω–æ–≤—ã—Ö —Å—Ç—Ä–∞–Ω–∞—Ö, –Ω–∞ —Ä–∞–∑–Ω—ã—Ö –∫–æ–Ω—Ç–∏–Ω–µ–Ω—Ç–∞—Ö.
- –í —Ä–∞–±–æ—Ç–µ –æ—Ç–∫—Ä–æ–µ—Ç–µ –Ω–æ–≤—ã–µ –≥–æ—Ä–∏–∑–æ–Ω—Ç—ã, –Ω–∞—á–Ω–µ—Ç–µ —Å–æ—Ç—Ä—É–¥–Ω–∏—á–µ—Å—Ç–≤–æ —Å –º–µ–∂–¥—É–Ω–∞—Ä–æ–¥–Ω—ã–º–∏ –∫–æ–º–ø–∞–Ω–∏—è–º–∏.

–Ø –ø—Ä–∏–≥–ª–∞—à–∞—é –≤–∞—Å –ø—Ä–∏–Ω—è—Ç—å —É—á–∞—Å—Ç–∏–µ –≤ –≤–µ–±–∏–Ω–∞—Ä–µ ¬´–ö–∞–∫ —Ä–∞–∑–≤–∏—Ç—å –ø–∞–º—è—Ç—å –∏ –∑–∞–ø–æ–º–∏–Ω–∞—Ç—å –±–æ–ª—å—à–∏–µ –æ–±—ä–µ–º—ã –¥–∞–Ω–Ω—ã—Ö –≤ 5 —Ä–∞–∑ –±—ã—Å—Ç—Ä–µ–µ¬ª.

http://victoriabembeeva.com/krpweb_ads2?utm_source=mp&utm_medium=sroki_k3&utm_campaign=cpc_ak_web

–ó–¥–µ—Å—å —è –æ—Ç–∫—Ä–æ—é –æ—Å–æ–±–µ–Ω–Ω–æ—Å—Ç–∏ —Ä–∞–±–æ—Ç—ã –Ω–∞—à–µ–π –ø–∞–º—è—Ç–∏. –í—ã –ø–æ–ª—É—á–∏—Ç–µ –ø—Ä–∞–∫—Ç–∏—á–µ—Å–∫—É—é –∏–Ω—Ñ–æ—Ä–º–∞—Ü–∏—é –ø–æ —Ä–∞–∑—Ä–∞–±–æ—Ç–∫–µ –≤–∞—Ä–∏–∞–Ω—Ç–æ–≤ –∑–∞–ø–æ–º–∏–Ω–∞–Ω–∏—è –Ω–æ–≤–æ–π –∏–Ω—Ñ–æ—Ä–º–∞—Ü–∏–∏.

–¢–∞–∫–∂–µ –∫–∞–∂–¥–æ–≥–æ –∑–∞—Ä–µ–≥–∏—Å—Ç—Ä–∏—Ä–æ–≤–∞–Ω–Ω–æ–≥–æ —É—á–∞—Å—Ç–Ω–∏–∫–∞ –∂–¥–µ—Ç 2 –ø–æ–¥–∞—Ä–∫–∞:

- –ß–µ–∫-–ª–∏—Å—Ç: ¬´–¢–æ–ø-10 —É–ø—Ä–∞–∂–Ω–µ–Ω–∏–π –¥–ª—è —Ç—Ä–µ–Ω–∏—Ä–æ–≤–∫–∏ –ø–∞–º—è—Ç–∏, –∫–æ–Ω—Ü–µ–Ω—Ç—Ä–∞—Ü–∏–∏ –∏ –≤–Ω–∏–º–∞–Ω–∏—è¬ª.
- –í–∏–¥–µ–æ—É—Ä–æ–∫, –∫–æ—Ç–æ—Ä—ã–π –ø–æ–º–æ–∂–µ—Ç –≤–∞–º –ª—é–±—É—é –∏–Ω—Ñ–æ—Ä–º–∞—Ü–∏—é –ø—Ä–∏–Ω–∏–º–∞—Ç—å –ª–µ–≥–∫–æ –∏ –∑–∞–ø–æ–º–∏–Ω–∞—Ç—å –Ω–∞–¥–æ–ª–≥–æ.

–í—Å–µ —ç—Ç–æ –ø–æ–º–æ–∂–µ—Ç –≤–∞–º –≤ –æ—Å–≤–æ–µ–Ω–∏–∏ –Ω–æ–≤–æ–≥–æ —è–∑—ã–∫–∞ –∏ –±—ã—Å—Ç—Ä–æ–º –∑–∞–ø–æ–º–∏–Ω–∞–Ω–∏–∏ –Ω–æ–≤–æ–π –∏–Ω—Ñ–æ—Ä–º–∞—Ü–∏–∏.

http://victoriabembeeva.com/krpweb_ads2?utm_source=mp&utm_medium=sroki_k3&utm_campaign=cpc_ak_web

–ü—Ä–∏—Ö–æ–¥–∏—Ç–µ. –ó–∞–±–∏—Ä–∞–π—Ç–µ —Ü–µ–Ω–Ω—ã–µ —Å–≤–µ–¥–µ–Ω–∏—è. –ò –ø–µ—Ä–µ—Ö–æ–¥–∏—Ç–µ –≤–æ –í—Å–µ–ª–µ–Ω–Ω—É—é –Ω–µ–æ–≥—Ä–∞–Ω–∏—á–µ–Ω–Ω—ã—Ö –≤–æ–∑–º–æ–∂–Ω–æ—Å—Ç–µ–π –≤–∞—à–µ–≥–æ –º–æ–∑–≥–∞.",12,7282
Cutieü•∞,118,5271
"–û–∑–µ—Ä–æ –ê–≤—Ä–∞–∞–º —Ö–æ—Ä–æ—à–æ –∏–∑–≤–µ—Å—Ç–Ω–æ –≥–æ–ª–æ–≤–æ–∫—Ä—É–∂–∏—Ç–µ–ª—å–Ω—ã–º –∫–æ–ª–∏—á–µ—Å—Ç–≤–æ–º –ø—É–∑—ã—Ä—å–∫–æ–≤ –º–µ—Ç–∞–Ω–∞, –∫–æ—Ç–æ—Ä—ã–µ –≤ –∑–∏–º–Ω–∏–µ –º–µ—Å—è—Ü—ã –∑–∞–ø–∏—Ä–∞—é—Ç—Å—è –≤ –ø—Ä–æ–∑—Ä–∞—á–Ω–æ–º –ª—å–¥—É –æ–∑–µ—Ä–∞. –≠—Ç–æ –∏—Å–∫—É—Å—Å—Ç–≤–µ–Ω–Ω–æ–µ –æ–∑–µ—Ä–æ –Ω–∞ —Ä–µ–∫–µ –°–µ–≤–µ—Ä–Ω—ã–π –°–∞—Å–∫–∞—á–µ–≤–∞–Ω –≤ —Å—Ç—Ä–∞–Ω–µ –î—ç–≤–∏–¥–∞ –¢–æ–º–ø—Å–æ–Ω–∞ ‚Äî –ø–æ–ø—É–ª—è—Ä–Ω–æ–µ –º–µ—Å—Ç–æ –¥–ª—è –ø—É—Ç–µ—à–µ—Å—Ç–≤–∏–π –∫–∞–∫ –ª–µ—Ç–æ–º, —Ç–∞–∫ –∏ –∑–∏–º–æ–π.",75,4914
"–°–º–æ—Ç—Ä–∏—Ç–µ, –∫–∞–∫ –ø—Ä–µ–æ–±—Ä–∞–∑–∏–ª—Å—è –∏–Ω—Ç–µ—Ä—å–µ—Ä –∫–≤–∞—Ä—Ç–∏—Ä—ã

¬´–û–Ω–∞ —Ñ–∞–Ω—Ç–∞—Å—Ç–∏—á–µ—Å–∫–∞—è, —Ö–æ—á–µ—Ç—Å—è —Ä–∞–∑–≥–ª—è–¥—ã–≤–∞—Ç—å –∫–∞–∂–¥—É—é –¥–µ—Ç–∞–ª—å¬ª
–ò–º–µ–Ω–Ω–æ —Ç–∞–∫ –æ–ø–∏—Å–∞–ª–∞ —Å–≤–æ–∏ —ç–º–æ—Ü–∏–∏ –æ—Ç –∫–∞—Ä—Ç—ã –Ω–∞—à–∞ –ø–æ–∫—É–ø–∞—Ç–µ–ª—å–Ω–∏—Ü–∞ –∏ –ø—Ä–∏—Å–ª–∞–ª–∞ –≤–∏–¥–µ–æ. 

–ò–Ω—Ç–µ—Ä—å–µ—Ä–Ω–∞—è –∫–∞—Ä—Ç–∞ –º–∏—Ä–∞ –∏–∑ –¥–µ—Ä–µ–≤–∞ ‚Äî –∏–¥–µ–∞–ª—å–Ω–æ–µ —Ä–µ—à–µ–Ω–∏–µ –¥–ª—è –ø—É—Å—Ç—É—é—â–µ–π —Å—Ç–µ–Ω—ã. 

–£–∑–Ω–∞—Ç—å —Ü–µ–Ω—É: vk.me/ga_den_ru?ref=mp_12&ref_source=mp",27,8984
Montreal ü§©,344,45635
"The Royal Canadian Mint once made a gigantic loonie made of 99.9% gold that was worth $1 million.
–ö–∞–Ω–∞–¥—Å–∫–∞—è –º–æ–Ω–µ—Ç–∞ 100 –∫–≥ ¬´–ó–æ–ª–æ—Ç–æ–π –∫–ª–µ–Ω–æ–≤—ã–π –ª–∏—Å—Ç¬ª 
–í 2007 –≥–æ–¥—É –¶–µ–Ω—Ç—Ä–∞–ª—å–Ω—ã–π –±–∞–Ω–∫ –ö–∞–Ω–∞–¥—ã –≤—ã–ø—É—Å—Ç–∏–ª –≥–∏–≥–∞–Ω—Ç—Å–∫—É—é –∑–æ–ª–æ—Ç—É—é –º–æ–Ω–µ—Ç—É ¬´–ó–æ–ª–æ—Ç–æ–π –∫–ª–µ–Ω–æ–≤—ã–π –ª–∏—Å—Ç¬ª –≤–µ—Å–æ–º 100 –∫–≥, —Ç–æ–ª—â–∏–Ω–æ–π 1.2 –¥—é–π–º–∞ –∏ –¥–∏–∞–º–µ—Ç—Ä–æ–º 0,53 –º. –ü—Ä–æ–±–∞ –∑–æ–ª–æ—Ç–∞ 99999. 
–ù–∞ –ª–∏—Ü–µ–≤–æ–π —Å—Ç–æ—Ä–æ–Ω–µ –∏–∑–æ–±—Ä–∞–∂–µ–Ω–∞ –∫–æ—Ä–æ–ª–µ–≤–∞ –í–µ–ª–∏–∫–æ–±—Ä–∏—Ç–∞–Ω–∏–∏ –ï–ª–∏–∑–∞–≤–µ—Ç–∞ II, –Ω–∞ –æ–±–æ—Ä–æ—Ç–Ω–æ–π ‚Äî —Å–∏–º–≤–æ–ª –ö–∞–Ω–∞–¥—ã ‚Äî —Ç—Ä–∏ –∫–ª–µ–Ω–æ–≤—ã—Ö –ª–∏—Å—Ç–∞.",44,6064
"Smelling bad in Canada is illegal...

""Offending a place with a bad smell"" is illegal, whether it be via poor hygiene or carrying smelly foods.

¬´–û—Å–∫–æ—Ä–±–ª–µ–Ω–∏–µ –º–µ—Å—Ç–∞ –Ω–µ–ø—Ä–∏—è—Ç–Ω—ã–º –∑–∞–ø–∞—Ö–æ–º¬ª –≤ –ö–∞–Ω–∞–¥–µ –Ω–µ–∑–∞–∫–æ–Ω–Ω–æ, –±—É–¥—å —Ç–æ –∏–∑-–∑–∞ –ø–ª–æ—Ö–æ–π –≥–∏–≥–∏–µ–Ω—ã –∏–ª–∏ –≤–æ–Ω—é—á–µ–π –µ–¥—ã.",28,4758
"Churchill, Manitoba is a home to the largest Beluga whale migration in the world. In fact, you can get up close and personal with them in the summer months!
–ß–µ—Ä—á–∏–ª–ª—å, –ú–∞–Ω–∏—Ç–æ–±–∞, —è–≤–ª—è–µ—Ç—Å—è –¥–æ–º–æ–º –¥–ª—è –∫—Ä—É–ø–Ω–µ–π—à–µ–π –º–∏–≥—Ä–∞—Ü–∏–∏ –±–µ–ª—É—Ö –≤ –º–∏—Ä–µ. –í—ã –º–æ–∂–µ—Ç–µ –ø–æ–±–ª–∏–∂–µ –ø–æ–∑–Ω–∞–∫–æ–º–∏—Ç—å—Å—è —Å –Ω–∏–º–∏ –≤ –ª–µ—Ç–Ω–∏–µ –º–µ—Å—è—Ü—ã!",37,3082
"–ö–∞–∫ –∫—Ä–∞—Å–∏–≤–æ –æ–±–Ω–æ–≤–∏—Ç—å –∏–Ω—Ç–µ—Ä—å–µ—Ä? –î–æ–±–∞–≤–∏—Ç—å –¥–µ—Ä–µ–≤—è–Ω–Ω—É—é –∫–∞—Ä—Ç—É –º–∏—Ä—É –Ω–∞ —Å—Ç–µ–Ω—É!

–ú—ã 6 –ª–µ—Ç –∏–∑–≥–æ—Ç–∞–≤–ª–∏–≤–∞–µ–º –≤—Ä—É—á–Ω—É—é —É–Ω–∏–∫–∞–ª—å–Ω—ã–µ –∏–Ω—Ç–µ—Ä—å–µ—Ä–Ω—ã–µ –∫–∞—Ä—Ç—ã.
–û–¥–Ω–æ—É—Ä–æ–≤–Ω–µ–≤—ã–µ –∏ –º–Ω–æ–≥–æ—É—Ä–æ–≤–Ω–µ–≤—ã–µ –∫–∞—Ä—Ç—ã –∏–∑ –¥–µ—Ä–µ–≤–∞, –ø—Ä–æ–±–∫–∏, –æ—Ä–≥–∞–Ω–∏—á–µ—Å–∫–æ–≥–æ —Å—Ç–µ–∫–ª–∞ –∏ –¥—Ä—É–≥–∏—Ö –º–∞—Ç–µ—Ä–∏–∞–ª–æ–≤, –∫–æ—Ç–æ—Ä—ã–µ –∏–¥–µ–∞–ª—å–Ω–æ –≤–ø–∏—à—É—Ç—Å—è –≤ –∏–Ω—Ç–µ—Ä—å–µ—Ä –¥–æ–º–∞ –∏–ª–∏ –æ—Ñ–∏—Å–∞.

–ù–∞—à–∏ –∫–∞—Ä—Ç—ã –Ω–µ –ø—Ä–æ—Å—Ç–æ —ç–ª–µ–º–µ–Ω—Ç –¥–µ–∫–æ—Ä–∞. –î–æ–≤–æ–ª—å–Ω–æ —á–∞—Å—Ç–æ –∫–∞—Ä—Ç–∞ - —ç—Ç–æ –æ—Ä–∏–≥–∏–Ω–∞–ª—å–Ω—ã–π –∏ –ø—Ä–µ–∑–µ–Ω—Ç–∞–±–µ–ª—å–Ω—ã–π –ø–æ–¥–∞—Ä–æ–∫.

–£–∑–Ω–∞—Ç—å —Ü–µ–Ω—É: vk.me/ga_den_ru?ref=mp_10&ref_source=mp",22,9717
–ê –≤—ã –∂–¥–µ—Ç–µ –∑–∏–º—É?,62,4684
"–†–æ–∂–¥–µ—Å—Ç–≤–æ –≤ –ö–∞–Ω–∞–¥–µ –ø—Ä–∞–∑–¥–Ω—É—é—Ç –ø–æ—á—Ç–∏ —Ç–∞–∫ –∂–µ, –∫–∞–∫ –∏ –≤ –¥—Ä—É–≥–∏—Ö –∑–∞–ø–∞–¥–Ω—ã—Ö —Å—Ç—Ä–∞–Ω–∞—Ö. –ö–∞–∫ –∏ –≤–æ –≤—Å–µ–º –º–∏—Ä–µ, 25 –¥–µ–∫–∞–±—Ä—è —è–≤–ª—è–µ—Ç—Å—è –æ—Ñ–∏—Ü–∏–∞–ª—å–Ω—ã–º –ø—Ä–∞–∑–¥–Ω–∏–∫–æ–º –≤ –ö–∞–Ω–∞–¥–µ, –∏ –º–Ω–æ–≥–∏–µ –∫–∞–Ω–∞–¥—Ü—ã —Ç–∞–∫–∂–µ –±–µ—Ä—É—Ç –æ—Ç–ø—É—Å–∫ –≤–æ –≤—Ç–æ—Ä–æ–π –ø–æ–ª–æ–≤–∏–Ω–µ –¥–Ω—è 24-–≥–æ —á–∏—Å–ª–∞ (—Å–æ—á–µ–ª—å–Ω–∏–∫). 26 –¥–µ–∫–∞–±—Ä—è –æ—Ç–º–µ—á–∞–µ—Ç—Å—è –¥–µ–Ω—å –ø–æ–¥–∞—Ä–∫–æ–≤-—ç—Ç–æ —Ç–æ–∂–µ –æ—Ñ–∏—Ü–∏–∞–ª—å–Ω—ã–π –ø—Ä–∞–∑–¥–Ω–∏–∫.",63,33683
"–ö–∞—Ç–∞—Ç—å—Å—è –Ω–∞ —Å–∞–Ω–∫–∞—Ö –∑–∞–ø—Ä–µ—â–µ–Ω–æ, –∏–∑–≤–∏–Ω–∏—Ç–µ!",151,73511
–û—Å–µ–Ω—å –Ω–∞—á–∏–Ω–∞–µ—Ç —É–∫—Ä–∞—à–∞—Ç—å –∑–µ–º–ª—é —Å–≤–æ–∏–º–∏ —Ö—Ä—É–ø–∫–∏–º–∏ –∫—É—Å–æ—á–∫–∞–º–∏ –æ—Å–ª–∞–±–µ–≤—à–µ–≥–æ –∑–æ–ª–æ—Ç–∞üçÅ,156,65491
"Thanksgiving Day in Canada is celebrated on the second Monday in October each year. It is a holiday to give thanks for the harvest and blessings of the past year.
–î–µ–Ω—å –ë–ª–∞–≥–æ–¥–∞—Ä–µ–Ω–∏—è –≤ –ö–∞–Ω–∞–¥–µ –æ—Ç–º–µ—á–∞–µ—Ç—Å—è –∫–∞–∂–¥—ã–π –≥–æ–¥ –≤–æ –≤—Ç–æ—Ä–æ–π –ø–æ–Ω–µ–¥–µ–ª—å–Ω–∏–∫ –æ–∫—Ç—è–±—Ä—è. –≠—Ç–æ –ø—Ä–∞–∑–¥–Ω–∏–∫ –±–ª–∞–≥–æ–¥–∞—Ä–µ–Ω–∏—è –∑–∞ —É—Ä–æ–∂–∞–π –ø—Ä–æ—à–ª–æ–≥–æ –≥–æ–¥–∞.",60,5059
"–°–º–æ—Ç—Ä–∏—Ç–µ, –∫–∞–∫ –ø–æ —â–µ–ª—á–∫—É –ø–∞–ª—å—Ü–µ–≤ –ø—Ä–µ–æ–±—Ä–∞–∑–∏–ª–∞—Å—å –∫—É—Ö–Ω—è.

–ò–Ω—Ç–µ—Ä—å–µ—Ä–Ω–∞—è –∫–∞—Ä—Ç–∞ –º–∏—Ä–∞ –∏–∑ –¥–µ—Ä–µ–≤–∞ ‚Äî –∏–¥–µ–∞–ª—å–Ω–æ–µ —Ä–µ—à–µ–Ω–∏–µ –¥–ª—è –ø—É—Å—Ç—É—é—â–µ–π —Å—Ç–µ–Ω—ã.

–£–∑–Ω–∞—Ç—å —Ü–µ–Ω—É: vk.me/ga_den_ru?ref=mp_2&ref_source=mp",23,9289
"Bicycle mounted officers in Canada respond to the same types of calls as their motorized counterparts. They have the advantage of arriving at the scene of an incident undetected, and are often able to catch criminal occurrences in progress. In addition to this, they are expected to patrol areas that are inaccessible to cars. 
–û—Ñ–∏—Ü–µ—Ä—ã-–≤–µ–ª–æ—Å–∏–ø–µ–¥–∏—Å—Ç—ã –≤ –ö–∞–Ω–∞–¥–µ –æ—Ç–≤–µ—á–∞—é—Ç –Ω–∞ —Ç–µ –∂–µ –≤—ã–∑–æ–≤—ã, —á—Ç–æ –∏ –∏—Ö –∫–æ–ª–ª–µ–≥–∏ –∫–æ—Ç–æ—Ä—ã–µ –ø–æ–ª—å–∑—É—é—Ç—Å—è –º–∞—à–∏–Ω–∞–º–∏ –∏–ª–∏ –º–æ—Ç–æ—Ü–∏–∫–ª–∞–º–∏. –£ –Ω–∏—Ö –µ—Å—Ç—å –ø—Ä–µ–∏–º—É—â–µ—Å—Ç–≤–æ –≤ —Ç–æ–º, —á—Ç–æ –æ–Ω–∏ –ø—Ä–∏–±—ã–≤–∞—é—Ç –Ω–∞ –º–µ—Å—Ç–æ –ø—Ä–æ–∏—Å—à–µ—Å—Ç–≤–∏—è –Ω–µ–∑–∞–º–µ—á–µ–Ω–Ω—ã–º–∏ –∏ —á–∞—Å—Ç–æ –º–æ–≥—É—Ç –∑–∞—Ñ–∏–∫—Å–∏—Ä–æ–≤–∞—Ç—å –ø—Ä–æ–∏—Å—Ö–æ–¥—è—â–µ–µ –ø—Ä–µ—Å—Ç—É–ø–ª–µ–Ω–∏–µ. –ü–æ–º–∏–º–æ —ç—Ç–æ–≥–æ, –ø—Ä–µ–¥–ø–æ–ª–∞–≥–∞–µ—Ç—Å—è, —á—Ç–æ –æ–Ω–∏ –±—É–¥—É—Ç –ø–∞—Ç—Ä—É–ª–∏—Ä–æ–≤–∞—Ç—å —Ä–∞–π–æ–Ω—ã, –Ω–µ–¥–æ—Å—Ç—É–ø–Ω—ã–µ –¥–ª—è –∞–≤—Ç–æ–º–æ–±–∏–ª–µ–π.",78,30729
"–ù—é–∏ –ë–ª–∞–Ω—à-–º–Ω–æ–≥–æ–≥–æ–ª–æ—Å–∞—è –≤—ã—Å—Ç–∞–≤–∫–∞ —Å —É—á–∞—Å—Ç–∏–µ–º –Ω–µ—Å–∫–æ–ª—å–∫–∏—Ö —Ö—É–¥–æ–∂–Ω–∏–∫–æ–≤, –∏—Å—Å–ª–µ–¥—É—é—â–∞—è —Å–≤—è–∑—å –º–µ–∂–¥—É –∑–µ–º–ª–µ–π, –≤–æ–¥–æ–π –∏ —Å–æ–æ–±—â–µ—Å—Ç–≤–∞–º–∏ –ø—Ä–æ—Ö–æ–¥–∏—Ç –Ω–∞ —ç—Ç–∏—Ö –≤—ã—Ö–æ–¥–Ω—ã—Ö –≤ –¢–æ—Ä–æ–Ω—Ç–æ.",252,192203
Autumn Leaves & Pumpkins Please,161,5283
"Pumpkin Spice flavour....Ever since Starbucks introduced the pumpkin spice latte (or PSL) in 2003, the craze has been on a meteoric rise. In just the last five years, pumpkin spice product sales have increased about 47%, reaching $236 million in the 2021-22 season alone. 
–° —Ç–µ—Ö –ø–æ—Ä, –∫–∞–∫ Starbucks –ø—Ä–µ–¥—Å—Ç–∞–≤–∏–ª–∞ –ª–∞—Ç—Ç–µ —Å —Ç—ã–∫–≤–µ–Ω–Ω—ã–º–∏ —Å–ø–µ—Ü–∏—è–º–∏ –≤ 2003 –≥–æ–¥—É, —ç—Ç–æ—Ç —Ç—ã–∫–≤–µ–Ω–Ω—ã–π –≤–∫—É—Å —Å—Ç–∞–ª —Å—Ç—Ä–µ–º–∏—Ç–µ–ª—å–Ω–æ —Ä–∞—Å—Ç–∏. –í—Å–µ–≥–æ –∑–∞ –ø–æ—Å–ª–µ–¥–Ω–∏–µ –ø—è—Ç—å –ª–µ—Ç –ø—Ä–æ–¥–∞–∂–∏ ""–æ—Å—Ç—Ä–æ–π —Ç—ã–∫–≤—ã"" –≤—ã—Ä–æ—Å–ª–∏ –ø—Ä–∏–º–µ—Ä–Ω–æ –Ω–∞ 47%, –¥–æ—Å—Ç–∏–≥–Ω—É–≤ 236 –º–∏–ª–ª–∏–æ–Ω–æ–≤ –¥–æ–ª–ª–∞—Ä–æ–≤ —Ç–æ–ª—å–∫–æ –≤ —Å–µ–∑–æ–Ω–µ 2021‚Äì2022 –≥–æ–¥–æ–≤. –°–µ–π—á–∞—Å, —Ç—ã–∫–≤–µ–Ω–Ω—ã–π –≤–∫—É—Å –º–æ–∂–Ω–æ –Ω–∞–π—Ç–∏ –Ω–µ —Ç–æ–ª—å–∫–æ –≤ –Ω–∞–ø–∏—Ç–∫–∞—Ö, –Ω–æ –∏ –≤ –¥—Ä—É–≥–∏—Ö –ø—Ä–æ–¥—É–∫—Ç–∞—Ö.",50,3577
Fall Sweet Fall...,105,3835
"The World's Largest Rubber Duck officially returns to the city for the Toronto Waterfront Festival. 
–°–∞–º–∞—è –±–æ–ª—å—à–∞—è –≤ –º–∏—Ä–µ —Ä–µ–∑–∏–Ω–æ–≤–∞—è —É—Ç–∫–∞ –æ—Ñ–∏—Ü–∏–∞–ª—å–Ω–æ –≤–æ–∑–≤—Ä–∞—â–∞–µ—Ç—Å—è –≤ –≥–æ—Ä–æ–¥ –Ω–∞ —Ñ–µ—Å—Ç–∏–≤–∞–ª—å –Ω–∞ –Ω–∞–±–µ—Ä–µ–∂–Ω–æ–π –¢–æ—Ä–æ–Ω—Ç–æ.",94,14805
"–ò—â—É —Ä–µ–±—è—Ç –∫–æ–º—É –Ω—É–∂–Ω–∞ –ø–æ–º–æ—â—å.
(–î–∞–º —Ö–æ—Ä–æ—à—É—é –≤–æ–∑–º–æ–∂–Ω–æ—Å—Ç—å)

–ò—â—É —Ä–µ–±—è—Ç –∫—Ç–æ —Ö–æ—á–µ—Ç –∑–∞—Ä–∞–±–∞—Ç—ã–≤–∞—Ç—å. –û–±—è–∑–∞–Ω–Ω–æ—Å—Ç–∏ - –æ–±—É—á–∏—Ç—å—Å—è, –ø–æ—Ä–∞–±–æ—Ç–∞—Ç—å –ø–∞—Ä—É —á–∞—Å–æ–≤ –≤ –¥–µ–Ω—å, –∫–æ–º–ø—å—é—Ç–µ—Ä-—Ç–µ–ª–µ—Ñ–æ–Ω, –∏–Ω—Ç–µ—Ä–Ω–µ—Ç, –±—ã—Ç—å –Ω–∞ —Å–≤—è–∑–∏.

–í–∞–∂–Ω–æ :

- –ü–ª–∞—Ç–∏—Ç—å –Ω–µ –Ω–∞–¥–æ.
- –ü–æ–∫—É–ø–∞—Ç—å —Ç–æ–∂–µ –Ω–∏—á–µ–≥–æ –Ω–µ –Ω–∞–¥–æ.

–ï—Å–ª–∏ –æ—Ç–ª–æ–∂–∏—à—å —Å–µ–π—á–∞—Å, –º–æ–∂–µ—à—å —É–ø—É—Å—Ç–∏—Ç—å —à–∞–Ω—Å –∏–∑–º–µ–Ω–∏—Ç—å —Å–≤–æ—é –∂–∏–∑–Ω—å.

–ß—Ç–æ–±—ã –Ω–∞—á–∞—Ç—å, –ø—Ä–æ—Å—Ç–æ –ø–æ–¥–ø–∏—à–∏—Å—å –ø–æ —Å—Å—ã–ª–∫–µ: https://vk.cc/cpDlZV",19,8867
"–°—Ä–æ—á–Ω–æ –∏—â–µ–º –∂–µ–ª–∞—é—â–∏—Ö —Å—Ç–∞—Ç—å —Ç—É—Ä–∞–≥–µ–Ω—Ç–æ–º!
(–º–æ–∂–Ω–æ –±–µ–∑ –æ–ø—ã—Ç–∞, –≤—Å–µ–º—É –Ω–∞—É—á–∏–º —Å–∞–º–∏)

–û–±—Ä–∞–∑–æ–≤–∞–Ω–∏–µ, –º–µ—Å—Ç–æ –∂–∏—Ç–µ–ª—å—Å—Ç–≤–∞, —Ç—Ä—É–¥–æ–≤–æ–π —Å—Ç–∞–∂ ‚Äî –Ω–µ –≤–∞–∂–Ω—ã. –ú–æ–∂–Ω–æ —Å–æ–≤–º–µ—â–∞—Ç—å —Å –æ—Å–Ω–æ–≤–Ω–æ–π —Ä–∞–±–æ—Ç–æ–π –∏–ª–∏ —Å –¥–µ–∫—Ä–µ—Ç–Ω—ã–º –æ—Ç–ø—É—Å–∫–æ–º.

–ù–∞ —á—Ç–æ –≤—ã –º–æ–∂–µ—Ç–µ —Ä–∞—Å—Å—á–∏—Ç—ã–≤–∞—Ç—å:
- –ø–æ–ª–Ω–æ—Å—Ç—å—é —É–¥–∞–ª–µ–Ω–Ω–∞—è —Ä–∞–±–æ—Ç–∞;
- –¥–æ—Å—Ç–æ–π–Ω–æ–µ –∑–ø;
- —Å—Ç–∞–±–∏–ª—å–Ω–∞—è –ø–æ–¥—Ä–∞–±–æ—Ç–∫–∞, –µ—Å–ª–∏ –Ω–µ —Ö–æ—Ç–∏—Ç–µ —É—Ö–æ–¥–∏—Ç—å —Å –æ—Å–Ω–æ–≤–Ω–æ–π —Ä–∞–±–æ—Ç—ã.

–ß—Ç–æ –Ω—É–∂–Ω–æ –¥–µ–ª–∞—Ç—å?

- –ü—Ä–æ–¥–∞–≤–∞—Ç—å —Ç—É—Ä—ã (–≤—Å–µ–º—É –Ω–∞—É—á—É).

–ß—Ç–æ –≤–∞–º –ø–æ—Ç—Ä–µ–±—É–µ—Ç—Å—è –¥–ª—è —ç—Ç–æ–≥–æ?

- –í—Ä–µ–º—è: –æ—Ç 2-—Ö —Å–≤–æ–±–æ–¥–Ω—ã—Ö —á–∞—Å–æ–≤ –≤ –¥–µ–Ω—å (—É—Ç—Ä–æ, –¥–µ–Ω—å –∏–ª–∏ –≤–µ—á–µ—Ä ‚Äî –≤—ã–±–∏—Ä–∞–µ—Ç–µ —Å–∞–º–∏).
- –û–±—ã—á–Ω—ã–π –∫–æ–º–ø—å—é—Ç–µ—Ä —Å –∏–Ω—Ç–µ—Ä–Ω–µ—Ç–æ–º(–ª–∏—à—å –±—ã —Ä–∞–±–æ—Ç–∞–ª).
- –ñ–µ–ª–∞–Ω–∏–µ —É—á–∏—Ç—å—Å—è, –≤–ø–∏—Ç—ã–≤–∞—Ç—å –∏–Ω—Ñ–æ—Ä–º–∞—Ü–∏—é.

–ù–µ –Ω—É–∂–Ω—ã –æ—Å–æ–±—ã–µ –∑–Ω–∞–Ω–∏—è, —Ç–∞–ª–∞–Ω—Ç—ã –∏–ª–∏ –ø—Ä–∏—Ä–æ–¥–Ω—ã–π –¥–∞—Ä.

–° —Ä–∞–±–æ—Ç–æ–π –≤–ø–æ–ª–Ω–µ —Å–ø—Ä–∞–≤–ª—è—é—Ç—Å—è –∏ –º–∞–º—ã –≤ –¥–µ–∫—Ä–µ—Ç–µ, –∏ –¥–∞–∂–µ –ø–µ–Ω—Å–∏–æ–Ω–µ—Ä–∫–∏, –Ω–µ –≥–æ–≤–æ—Ä—è —É–∂–µ –æ —Ç–µ—Ö, –∫—Ç–æ –ª—é–±–∏—Ç –≤–ø–∞—Ö–∏–≤–∞—Ç—å –∏ –¥–æ–±–∏–≤–∞—Ç—å—Å—è —Å–≤–æ–∏—Ö —Ü–µ–ª–µ–π.

–ó–∞ –ø–æ–ª –≥–æ–¥–∞ –≤–ø–æ–ª–Ω–µ —Ä–µ–∞–ª—å–Ω–æ –≤—ã—Ä–∞—Å—Ç–∏ –∏–∑ –Ω–æ–≤–∏—á–∫–∞ –≤ –ø—Ä–æ—Ñ–∏ –∏ –≤—ã—Ä–∞—Å—Ç–∏ –≤ –∑–ø.

–ß—Ç–æ–±—ã –ø–æ–Ω—è—Ç—å, –ø–æ–¥—Ö–æ–¥–∏—Ç –ª–∏ –≤–∞–º —É–¥–∞–ª–µ–Ω–Ω–∞—è –ø—Ä–æ—Ñ–µ—Å—Å–∏—è ¬´–¢—É—Ä–∞–≥–µ–Ω—Ç¬ª, —Ä–µ–≥–∏—Å—Ç—Ä–∏—Ä—É–π—Ç–µ—Å—å –Ω–∞ –±–µ—Å–ø–ª–∞—Ç–Ω—ã–π –≤–≤–æ–¥–Ω—ã–π –≤–µ–±–∏–Ω–∞—Ä:
https://via-tourism.school/veb1203?utm_source=vk&utm_medium=mrpm235

–ì–¥–µ –≤—ã —É–∑–Ω–∞–µ—Ç–µ:
- –∫–æ–º—É —Ç–æ—á–Ω–æ –ø–æ–¥—Ö–æ–¥–∏—Ç —ç—Ç–∞ –ø—Ä–æ—Ñ–µ—Å—Å–∏—è
- —Å —á–µ–≥–æ –Ω–∞—á–∞—Ç—å —Ä–∞–±–æ—Ç—É –∏ –≥–¥–µ –∏—Å–∫–∞—Ç—å –∫–ª–∏–µ–Ω—Ç–æ–≤, –ø—Ä–æ—Å—Ç–æ –∏ –ø–æ—à–∞–≥–æ–≤–æ —Å —Å–∞–º–æ–≥–æ –Ω–∞—á–∞–ª–∞
- –∫–∞–∫ —Ç—É—Ä–∞–≥–µ–Ω—Ç—É –ø—É—Ç–µ—à–µ—Å—Ç–≤–æ–≤–∞—Ç—å –ø–æ—á—Ç–∏ –±–µ—Å–ø–ª–∞—Ç–Ω–æ
- —Ç–æ–ª—å–∫–æ –∞–∫—Ç—É–∞–ª—å–Ω—É—é –∏–Ω—Ñ–æ—Ä–º–∞—Ü–∏—é ‚Äî —É—á–∏–º—Å—è —Ä–∞–±–æ—Ç–∞—Ç—å —Ç–∞–∫, –∫–∞–∫ —ç—Ç–æ –¥–µ–ª–∞—é—Ç —Å–µ–≥–æ–¥–Ω—è –∏ —Å–µ–π—á–∞—Å, –∞ –Ω–µ —Ç—Ä–∏ –≥–æ–¥–∞ –Ω–∞–∑–∞–¥.

–ü—Ä–∏–Ω–∏–º–∞–π—Ç–µ —Ä–µ—à–µ–Ω–∏–µ –ø—Ä—è–º–æ —Å–µ–π—á–∞—Å, –≤–µ–¥—å —ç—Ç–æ—Ç –ø–æ—Å—Ç –º–æ–∂–µ—Ç –±–æ–ª—å—à–µ –Ω–µ –ø–æ—è–≤–∏—Ç—å—Å—è –≤ –ª–µ–Ω—Ç–µ.

–ß—Ç–æ –Ω—É–∂–Ω–æ —Å–¥–µ–ª–∞—Ç—å —Å–µ–π—á–∞—Å:

–†–µ–≥–∏—Å—Ç—Ä–∏—Ä—É–π—Å—è –Ω–∞ –±–µ—Å–ø–ª–∞—Ç–Ω—ã–π —ç—Ñ–∏—Ä –∏ –ø–æ–ª—É—á–∏ –ø–æ–ª–µ–∑–Ω—ã–µ –∏–Ω—Å—Ç—Ä—É–º–µ–Ω—Ç—ã –≤ –ø–æ–¥–∞—Ä–æ–∫:
https://via-tourism.school/veb1203?utm_source=vk&utm_medium=mrpm235",24,7111
"‚ÄúCanada is a country that is built on the basic principle that all people are created equal, regardless of their race, religion, or cultural background.‚Äù ‚Äì Justin Trudeau. 
¬´–ö–∞–Ω–∞–¥–∞ ‚Äî —ç—Ç–æ —Å—Ç—Ä–∞–Ω–∞, –ø–æ—Å—Ç—Ä–æ–µ–Ω–Ω–∞—è –Ω–∞ –æ—Å–Ω–æ–≤–Ω–æ–º –ø—Ä–∏–Ω—Ü–∏–ø–µ, —Å–æ–≥–ª–∞—Å–Ω–æ –∫–æ—Ç–æ—Ä–æ–º—É –≤—Å–µ –ª—é–¥–∏ —Å–æ–∑–¥–∞–Ω—ã —Ä–∞–≤–Ω—ã–º–∏, –Ω–µ–∑–∞–≤–∏—Å–∏–º–æ –æ—Ç –∏—Ö —Ä–∞—Å—ã, —Ä–µ–ª–∏–≥–∏–∏ –∏–ª–∏ –∫—É–ª—å—Ç—É—Ä–Ω–æ–≥–æ –ø—Ä–æ–∏—Å—Ö–æ–∂–¥–µ–Ω–∏—è¬ª. ‚Äî –î–∂–∞—Å—Ç–∏–Ω –¢—Ä—é–¥–æ",93,8114
"–û–Ω—Ç–∞—Ä–∏–æ ‚Äî –≤—Ç–æ—Ä–∞—è –ø–æ –≤–µ–ª–∏—á–∏–Ω–µ –ø—Ä–æ–≤–∏–Ω—Ü–∏—è –ö–∞–Ω–∞–¥—ã, –≤ –∫–æ—Ç–æ—Ä–æ–π –ø—Ä–æ–∂–∏–≤–∞–µ—Ç –ø—Ä–∏–º–µ—Ä–Ω–æ 40% –Ω–∞—Å–µ–ª–µ–Ω–∏—è –ö–∞–Ω–∞–¥—ã. –ó–¥–µ—Å—å –≤—ã –º–æ–∂–µ—Ç–µ –Ω–∞–π—Ç–∏ –æ–≥—Ä–æ–º–Ω—ã–π –≥–æ—Ä–æ–¥ –¢–æ—Ä–æ–Ω—Ç–æ, —Å—Ç–æ–ª–∏—Ü—É —Å—Ç—Ä–∞–Ω—ã –û—Ç—Ç–∞–≤—É –∏ –æ–¥–Ω—É –∏–∑ —Å–∞–º—ã—Ö –∏–∑–≤–µ—Å—Ç–Ω—ã—Ö –ø—Ä–∏—Ä–æ–¥–Ω—ã—Ö –¥–æ—Å—Ç–æ–ø—Ä–∏–º–µ—á–∞—Ç–µ–ª—å–Ω–æ—Å—Ç–µ–π –≤ –º–∏—Ä–µ: –ù–∏–∞–≥–∞—Ä—Å–∫–∏–π –≤–æ–¥–æ–ø–∞–¥.",97,5271
The most common last name in Canada is ‚ÄúJohn‚Äù. –°–∞–º–æ–µ —Ä–∞—Å–ø—Ä–æ—Å—Ç—Ä–∞–Ω–µ–Ω–Ω–æ–µ –∏–º—è –≤ –ö–∞–Ω–∞–¥–µ ‚Äî ¬´–î–∂–æ–Ω¬ª.,45,15046
"–°—Ä–æ—á–Ω–æ –∏—â–µ–º –∂–µ–ª–∞—é—â–∏—Ö —Å—Ç–∞—Ç—å —Ç—É—Ä–∞–≥–µ–Ω—Ç–æ–º!
(–º–æ–∂–Ω–æ –±–µ–∑ –æ–ø—ã—Ç–∞, –≤—Å–µ–º—É –Ω–∞—É—á–∏–º —Å–∞–º–∏)

–û–±—Ä–∞–∑–æ–≤–∞–Ω–∏–µ, –º–µ—Å—Ç–æ –∂–∏—Ç–µ–ª—å—Å—Ç–≤–∞, —Ç—Ä—É–¥–æ–≤–æ–π —Å—Ç–∞–∂ ‚Äî –Ω–µ –≤–∞–∂–Ω—ã. –ú–æ–∂–Ω–æ —Å–æ–≤–º–µ—â–∞—Ç—å —Å –æ—Å–Ω–æ–≤–Ω–æ–π —Ä–∞–±–æ—Ç–æ–π –∏–ª–∏ —Å –¥–µ–∫—Ä–µ—Ç–Ω—ã–º –æ—Ç–ø—É—Å–∫–æ–º.

–ù–∞ —á—Ç–æ –≤—ã –º–æ–∂–µ—Ç–µ —Ä–∞—Å—Å—á–∏—Ç—ã–≤–∞—Ç—å:
- –ø–æ–ª–Ω–æ—Å—Ç—å—é —É–¥–∞–ª–µ–Ω–Ω–∞—è —Ä–∞–±–æ—Ç–∞;
- –¥–æ—Å—Ç–æ–π–Ω–æ–µ –∑–ø;
- —Å—Ç–∞–±–∏–ª—å–Ω–∞—è –ø–æ–¥—Ä–∞–±–æ—Ç–∫–∞, –µ—Å–ª–∏ –Ω–µ —Ö–æ—Ç–∏—Ç–µ —É—Ö–æ–¥–∏—Ç—å —Å –æ—Å–Ω–æ–≤–Ω–æ–π —Ä–∞–±–æ—Ç—ã.

–ß—Ç–æ –Ω—É–∂–Ω–æ –¥–µ–ª–∞—Ç—å?

- –ü—Ä–æ–¥–∞–≤–∞—Ç—å —Ç—É—Ä—ã (–≤—Å–µ–º—É –Ω–∞—É—á—É).

–ß—Ç–æ –≤–∞–º –ø–æ—Ç—Ä–µ–±—É–µ—Ç—Å—è –¥–ª—è —ç—Ç–æ–≥–æ?

- –í—Ä–µ–º—è: –æ—Ç 2-—Ö —Å–≤–æ–±–æ–¥–Ω—ã—Ö —á–∞—Å–æ–≤ –≤ –¥–µ–Ω—å (—É—Ç—Ä–æ, –¥–µ–Ω—å –∏–ª–∏ –≤–µ—á–µ—Ä ‚Äî –≤—ã–±–∏—Ä–∞–µ—Ç–µ —Å–∞–º–∏).
- –û–±—ã—á–Ω—ã–π –∫–æ–º–ø—å—é—Ç–µ—Ä —Å –∏–Ω—Ç–µ—Ä–Ω–µ—Ç–æ–º(–ª–∏—à—å –±—ã —Ä–∞–±–æ—Ç–∞–ª).
- –ñ–µ–ª–∞–Ω–∏–µ —É—á–∏—Ç—å—Å—è, –≤–ø–∏—Ç—ã–≤–∞—Ç—å –∏–Ω—Ñ–æ—Ä–º–∞—Ü–∏—é.

–ù–µ –Ω—É–∂–Ω—ã –æ—Å–æ–±—ã–µ –∑–Ω–∞–Ω–∏—è, —Ç–∞–ª–∞–Ω—Ç—ã –∏–ª–∏ –ø—Ä–∏—Ä–æ–¥–Ω—ã–π –¥–∞—Ä.

–° —Ä–∞–±–æ—Ç–æ–π –≤–ø–æ–ª–Ω–µ —Å–ø—Ä–∞–≤–ª—è—é—Ç—Å—è –∏ –º–∞–º—ã –≤ –¥–µ–∫—Ä–µ—Ç–µ, –∏ –¥–∞–∂–µ –ø–µ–Ω—Å–∏–æ–Ω–µ—Ä–∫–∏, –Ω–µ –≥–æ–≤–æ—Ä—è —É–∂–µ –æ —Ç–µ—Ö, –∫—Ç–æ –ª—é–±–∏—Ç –≤–ø–∞—Ö–∏–≤–∞—Ç—å –∏ –¥–æ–±–∏–≤–∞—Ç—å—Å—è —Å–≤–æ–∏—Ö —Ü–µ–ª–µ–π.

–ó–∞ –ø–æ–ª –≥–æ–¥–∞ –≤–ø–æ–ª–Ω–µ —Ä–µ–∞–ª—å–Ω–æ –≤—ã—Ä–∞—Å—Ç–∏ –∏–∑ –Ω–æ–≤–∏—á–∫–∞ –≤ –ø—Ä–æ—Ñ–∏ –∏ –≤—ã—Ä–∞—Å—Ç–∏ –≤ –∑–ø.

–ß—Ç–æ–±—ã –ø–æ–Ω—è—Ç—å, –ø–æ–¥—Ö–æ–¥–∏—Ç –ª–∏ –≤–∞–º —É–¥–∞–ª–µ–Ω–Ω–∞—è –ø—Ä–æ—Ñ–µ—Å—Å–∏—è ¬´–¢—É—Ä–∞–≥–µ–Ω—Ç¬ª, —Ä–µ–≥–∏—Å—Ç—Ä–∏—Ä—É–π—Ç–µ—Å—å –Ω–∞ –±–µ—Å–ø–ª–∞—Ç–Ω—ã–π –≤–≤–æ–¥–Ω—ã–π –≤–µ–±–∏–Ω–∞—Ä:
https://via-tourism.school/veb1203?utm_source=vk&utm_medium=mrpm216

–ì–¥–µ –≤—ã —É–∑–Ω–∞–µ—Ç–µ:
- –∫–æ–º—É —Ç–æ—á–Ω–æ –ø–æ–¥—Ö–æ–¥–∏—Ç —ç—Ç–∞ –ø—Ä–æ—Ñ–µ—Å—Å–∏—è
- —Å —á–µ–≥–æ –Ω–∞—á–∞—Ç—å —Ä–∞–±–æ—Ç—É –∏ –≥–¥–µ –∏—Å–∫–∞—Ç—å –∫–ª–∏–µ–Ω—Ç–æ–≤, –ø—Ä–æ—Å—Ç–æ –∏ –ø–æ—à–∞–≥–æ–≤–æ —Å —Å–∞–º–æ–≥–æ –Ω–∞—á–∞–ª–∞
- –∫–∞–∫ —Ç—É—Ä–∞–≥–µ–Ω—Ç—É –ø—É—Ç–µ—à–µ—Å—Ç–≤–æ–≤–∞—Ç—å –ø–æ—á—Ç–∏ –±–µ—Å–ø–ª–∞—Ç–Ω–æ
- —Ç–æ–ª—å–∫–æ –∞–∫—Ç—É–∞–ª—å–Ω—É—é –∏–Ω—Ñ–æ—Ä–º–∞—Ü–∏—é ‚Äî —É—á–∏–º—Å—è —Ä–∞–±–æ—Ç–∞—Ç—å —Ç–∞–∫, –∫–∞–∫ —ç—Ç–æ –¥–µ–ª–∞—é—Ç —Å–µ–≥–æ–¥–Ω—è –∏ —Å–µ–π—á–∞—Å, –∞ –Ω–µ —Ç—Ä–∏ –≥–æ–¥–∞ –Ω–∞–∑–∞–¥.

–ü—Ä–∏–Ω–∏–º–∞–π—Ç–µ —Ä–µ—à–µ–Ω–∏–µ –ø—Ä—è–º–æ —Å–µ–π—á–∞—Å, –≤–µ–¥—å —ç—Ç–æ—Ç –ø–æ—Å—Ç –º–æ–∂–µ—Ç –±–æ–ª—å—à–µ –Ω–µ –ø–æ—è–≤–∏—Ç—å—Å—è –≤ –ª–µ–Ω—Ç–µ.

–ß—Ç–æ –Ω—É–∂–Ω–æ —Å–¥–µ–ª–∞—Ç—å —Å–µ–π—á–∞—Å:

–†–µ–≥–∏—Å—Ç—Ä–∏—Ä—É–π—Å—è –Ω–∞ –±–µ—Å–ø–ª–∞—Ç–Ω—ã–π —ç—Ñ–∏—Ä –∏ –ø–æ–ª—É—á–∏ –ø–æ–ª–µ–∑–Ω—ã–µ –∏–Ω—Å—Ç—Ä—É–º–µ–Ω—Ç—ã –≤ –ø–æ–¥–∞—Ä–æ–∫:
https://via-tourism.school/veb1203?utm_source=vk&utm_medium=mrpm216",31,8781
"–•—ç–ª–ª–æ—É–∏–Ω ‚Äì –æ—á–µ–Ω—å –ø–æ–ø—É–ª—è—Ä–Ω—ã–π –ø—Ä–∞–∑–¥–Ω–∏–∫, –∫–æ—Ç–æ—Ä—ã–π —Å—á–∏—Ç–∞–µ—Ç—Å—è –≤—Ç–æ—Ä—ã–º –ø–æ –≤–µ–ª–∏—á–∏–Ω–µ –∫–æ–º–º–µ—Ä—á–µ—Å–∫–∏ —É—Å–ø–µ—à–Ω—ã–º –ø—Ä–∞–∑–¥–Ω–∏–∫–æ–º –≤ –ö–∞–Ω–∞–¥–µ. Halloween is a very popular celebration that is considered to be the second-largest commercially successful holiday in Canada.",56,6292
"–°—Ä–æ—á–Ω–æ –∏—â–µ–º –∂–µ–ª–∞—é—â–∏—Ö —Å—Ç–∞—Ç—å —Ç—É—Ä–∞–≥–µ–Ω—Ç–æ–º!
(–º–æ–∂–Ω–æ –±–µ–∑ –æ–ø—ã—Ç–∞, –≤—Å–µ–º—É –Ω–∞—É—á–∏–º —Å–∞–º–∏)

–û–±—Ä–∞–∑–æ–≤–∞–Ω–∏–µ, –º–µ—Å—Ç–æ –∂–∏—Ç–µ–ª—å—Å—Ç–≤–∞, —Ç—Ä—É–¥–æ–≤–æ–π —Å—Ç–∞–∂ ‚Äî –Ω–µ –≤–∞–∂–Ω—ã. –ú–æ–∂–Ω–æ —Å–æ–≤–º–µ—â–∞—Ç—å —Å –æ—Å–Ω–æ–≤–Ω–æ–π —Ä–∞–±–æ—Ç–æ–π –∏–ª–∏ —Å –¥–µ–∫—Ä–µ—Ç–Ω—ã–º –æ—Ç–ø—É—Å–∫–æ–º.

–ù–∞ —á—Ç–æ –≤—ã –º–æ–∂–µ—Ç–µ —Ä–∞—Å—Å—á–∏—Ç—ã–≤–∞—Ç—å:
- –ø–æ–ª–Ω–æ—Å—Ç—å—é —É–¥–∞–ª–µ–Ω–Ω–∞—è —Ä–∞–±–æ—Ç–∞;
- –¥–æ—Å—Ç–æ–π–Ω–æ–µ –∑–ø;
- —Å—Ç–∞–±–∏–ª—å–Ω–∞—è –ø–æ–¥—Ä–∞–±–æ—Ç–∫–∞, –µ—Å–ª–∏ –Ω–µ —Ö–æ—Ç–∏—Ç–µ —É—Ö–æ–¥–∏—Ç—å —Å –æ—Å–Ω–æ–≤–Ω–æ–π —Ä–∞–±–æ—Ç—ã.

–ß—Ç–æ –Ω—É–∂–Ω–æ –¥–µ–ª–∞—Ç—å?

- –ü—Ä–æ–¥–∞–≤–∞—Ç—å —Ç—É—Ä—ã (–≤—Å–µ–º—É –Ω–∞—É—á—É).

–ß—Ç–æ –≤–∞–º –ø–æ—Ç—Ä–µ–±—É–µ—Ç—Å—è –¥–ª—è —ç—Ç–æ–≥–æ?

- –í—Ä–µ–º—è: –æ—Ç 2-—Ö —Å–≤–æ–±–æ–¥–Ω—ã—Ö —á–∞—Å–æ–≤ –≤ –¥–µ–Ω—å (—É—Ç—Ä–æ, –¥–µ–Ω—å –∏–ª–∏ –≤–µ—á–µ—Ä ‚Äî –≤—ã–±–∏—Ä–∞–µ—Ç–µ —Å–∞–º–∏).
- –û–±—ã—á–Ω—ã–π –∫–æ–º–ø—å—é—Ç–µ—Ä —Å –∏–Ω—Ç–µ—Ä–Ω–µ—Ç–æ–º(–ª–∏—à—å –±—ã —Ä–∞–±–æ—Ç–∞–ª).
- –ñ–µ–ª–∞–Ω–∏–µ —É—á–∏—Ç—å—Å—è, –≤–ø–∏—Ç—ã–≤–∞—Ç—å –∏–Ω—Ñ–æ—Ä–º–∞—Ü–∏—é.

–ù–µ –Ω—É–∂–Ω—ã –æ—Å–æ–±—ã–µ –∑–Ω–∞–Ω–∏—è, —Ç–∞–ª–∞–Ω—Ç—ã –∏–ª–∏ –ø—Ä–∏—Ä–æ–¥–Ω—ã–π –¥–∞—Ä.

–° —Ä–∞–±–æ—Ç–æ–π –≤–ø–æ–ª–Ω–µ —Å–ø—Ä–∞–≤–ª—è—é—Ç—Å—è –∏ –º–∞–º—ã –≤ –¥–µ–∫—Ä–µ—Ç–µ, –∏ –¥–∞–∂–µ –ø–µ–Ω—Å–∏–æ–Ω–µ—Ä–∫–∏, –Ω–µ –≥–æ–≤–æ—Ä—è —É–∂–µ –æ —Ç–µ—Ö, –∫—Ç–æ –ª—é–±–∏—Ç –≤–ø–∞—Ö–∏–≤–∞—Ç—å –∏ –¥–æ–±–∏–≤–∞—Ç—å—Å—è —Å–≤–æ–∏—Ö —Ü–µ–ª–µ–π.

–ó–∞ –ø–æ–ª –≥–æ–¥–∞ –≤–ø–æ–ª–Ω–µ —Ä–µ–∞–ª—å–Ω–æ –≤—ã—Ä–∞—Å—Ç–∏ –∏–∑ –Ω–æ–≤–∏—á–∫–∞ –≤ –ø—Ä–æ—Ñ–∏ –∏ –≤—ã—Ä–∞—Å—Ç–∏ –≤ –∑–ø.

–ß—Ç–æ–±—ã –ø–æ–Ω—è—Ç—å, –ø–æ–¥—Ö–æ–¥–∏—Ç –ª–∏ –≤–∞–º —É–¥–∞–ª–µ–Ω–Ω–∞—è –ø—Ä–æ—Ñ–µ—Å—Å–∏—è ¬´–¢—É—Ä–∞–≥–µ–Ω—Ç¬ª, —Ä–µ–≥–∏—Å—Ç—Ä–∏—Ä—É–π—Ç–µ—Å—å –Ω–∞ –±–µ—Å–ø–ª–∞—Ç–Ω—ã–π –≤–≤–æ–¥–Ω—ã–π –≤–µ–±–∏–Ω–∞—Ä:
https://via-tourism.school/veb1203?utm_source=vk&utm_medium=mrpm209

–ì–¥–µ –≤—ã —É–∑–Ω–∞–µ—Ç–µ:
- –∫–æ–º—É —Ç–æ—á–Ω–æ –ø–æ–¥—Ö–æ–¥–∏—Ç —ç—Ç–∞ –ø—Ä–æ—Ñ–µ—Å—Å–∏—è
- —Å —á–µ–≥–æ –Ω–∞—á–∞—Ç—å —Ä–∞–±–æ—Ç—É –∏ –≥–¥–µ –∏—Å–∫–∞—Ç—å –∫–ª–∏–µ–Ω—Ç–æ–≤, –ø—Ä–æ—Å—Ç–æ –∏ –ø–æ—à–∞–≥–æ–≤–æ —Å —Å–∞–º–æ–≥–æ –Ω–∞—á–∞–ª–∞
- –∫–∞–∫ —Ç—É—Ä–∞–≥–µ–Ω—Ç—É –ø—É—Ç–µ—à–µ—Å—Ç–≤–æ–≤–∞—Ç—å –ø–æ—á—Ç–∏ –±–µ—Å–ø–ª–∞—Ç–Ω–æ
- —Ç–æ–ª—å–∫–æ –∞–∫—Ç—É–∞–ª—å–Ω—É—é –∏–Ω—Ñ–æ—Ä–º–∞—Ü–∏—é ‚Äî —É—á–∏–º—Å—è —Ä–∞–±–æ—Ç–∞—Ç—å —Ç–∞–∫, –∫–∞–∫ —ç—Ç–æ –¥–µ–ª–∞—é—Ç —Å–µ–≥–æ–¥–Ω—è –∏ —Å–µ–π—á–∞—Å, –∞ –Ω–µ —Ç—Ä–∏ –≥–æ–¥–∞ –Ω–∞–∑–∞–¥.

–ü—Ä–∏–Ω–∏–º–∞–π—Ç–µ —Ä–µ—à–µ–Ω–∏–µ –ø—Ä—è–º–æ —Å–µ–π—á–∞—Å, –≤–µ–¥—å —ç—Ç–æ—Ç –ø–æ—Å—Ç –º–æ–∂–µ—Ç –±–æ–ª—å—à–µ –Ω–µ –ø–æ—è–≤–∏—Ç—å—Å—è –≤ –ª–µ–Ω—Ç–µ.

–ß—Ç–æ –Ω—É–∂–Ω–æ —Å–¥–µ–ª–∞—Ç—å —Å–µ–π—á–∞—Å:

–†–µ–≥–∏—Å—Ç—Ä–∏—Ä—É–π—Å—è –Ω–∞ –±–µ—Å–ø–ª–∞—Ç–Ω—ã–π —ç—Ñ–∏—Ä –∏ –ø–æ–ª—É—á–∏ –ø–æ–ª–µ–∑–Ω—ã–µ –∏–Ω—Å—Ç—Ä—É–º–µ–Ω—Ç—ã –≤ –ø–æ–¥–∞—Ä–æ–∫:
https://via-tourism.school/veb1203?utm_source=vk&utm_medium=mrpm209",86,9134
Canada‚Äôs national parks are so massive that 30 of them are larger than many countries!,254,11945
"There are more doughnut shops in Canada per capita than any other country. The most famous of them all is Tim Horton‚Äôs and it can be found almost anywhere. 

–í –ö–∞–Ω–∞–¥–µ –±–æ–ª—å—à–µ –º–∞–≥–∞–∑–∏–Ω–æ–≤ –ø–æ–Ω—á–∏–∫–æ–≤, —á–µ–º –≤ –ª—é–±–æ–π –¥—Ä—É–≥–æ–π —Å—Ç—Ä–∞–Ω–µ. –°–∞–º—ã–π –∏–∑–≤–µ—Å—Ç–Ω—ã–π –∏–∑ –Ω–∏—Ö ‚Äî –¢–∏–º –•–æ—Ä—Ç–æ–Ω—Å, –∏ –µ–≥–æ –º–æ–∂–Ω–æ –Ω–∞–π—Ç–∏ –ø—Ä–∞–∫—Ç–∏—á–µ—Å–∫–∏ –≥–¥–µ —É–≥–æ–¥–Ω–æ.",49,5403
